{
  "best_ckpt": "result/Resnet34_hybrid_20260204-121218/fold_3/checkpoints/best-22-0.6032.ckpt",
  "monitor": "val_kappa",
  "patience": 30,
  "log_dir": "result/Resnet34_hybrid_20260204-121218/fold_3/",
  "in_channels": 1,
  "nb_classes": 4,
  "nb_filters": 32,
  "depth": 6,
  "kernel_size": 41,
  "bottleneck_size": 32,
  "use_residual": true,
  "use_bottleneck": true,
  "lr": 0.0001,
  "average": "macro",
  "standardize": true,
  "use_weighted_sampler": false,
  "seed": 42,
  "precision": "32",
  "fold": 3,
  "all_metrics_test": {
    "fold": 3,
    "test_f1": 0.4068710207939148,
    "test_loss": 116.08031463623047,
    "test_precision": 0.432487815618515,
    "test_recall": 0.4086792767047882,
    "test_accuracy": 0.5350223779678345,
    "test_balanced_acc": 0.4086792767047882,
    "test_kappa": 0.5794954299926758,
    "log_dir": "result/Resnet34_hybrid_20260204-121218/fold_3/",
    "best_ckpt": "result/Resnet34_hybrid_20260204-121218/fold_3/checkpoints/best-22-0.6032.ckpt"
  }
}