{
  "best_ckpt": "result/Resnet34_coral/Resnet34_coral_20260207-092523/fold_1/checkpoints/best-22-0.6519.ckpt",
  "monitor": "val_kappa",
  "patience": 30,
  "log_dir": "result/Resnet34_coral/Resnet34_coral_20260207-092523/fold_1/",
  "in_channels": 1,
  "nb_classes": 4,
  "nb_filters": 32,
  "depth": 6,
  "kernel_size": 41,
  "bottleneck_size": 32,
  "use_residual": true,
  "use_bottleneck": true,
  "lr": 0.0001,
  "average": "macro",
  "standardize": true,
  "use_weighted_sampler": false,
  "seed": 42,
  "precision": "32",
  "fold": 1,
  "optimal_threshold": 0.5000000000000001,
  "all_metrics_test": {
    "fold": 1,
    "test_f1": 0.4497654438018799,
    "test_loss": 0.10595916211605072,
    "test_precision": 0.505761444568634,
    "test_recall": 0.4541550278663635,
    "test_accuracy": 0.5714285969734192,
    "test_balanced_acc": 0.4541550278663635,
    "test_kappa": 0.5814540386199951,
    "log_dir": "result/Resnet34_coral/Resnet34_coral_20260207-092523/fold_1/",
    "best_ckpt": "result/Resnet34_coral/Resnet34_coral_20260207-092523/fold_1/checkpoints/best-22-0.6519.ckpt"
  }
}