{
  "best_ckpt": "result/Coral_bmi_sex/Resnet34_coral_20260207-113042/fold_2/checkpoints/best-36-0.5743.ckpt",
  "monitor": "val_kappa",
  "patience": 30,
  "log_dir": "result/Coral_bmi_sex/Resnet34_coral_20260207-113042/fold_2/",
  "in_channels": 1,
  "nb_classes": 4,
  "nb_filters": 32,
  "depth": 6,
  "kernel_size": 41,
  "bottleneck_size": 32,
  "use_residual": true,
  "use_bottleneck": true,
  "lr": 0.0001,
  "average": "macro",
  "standardize": true,
  "use_weighted_sampler": false,
  "seed": 42,
  "precision": "32",
  "fold": 2,
  "optimal_threshold": 0.5000000000000001,
  "all_metrics_test": {
    "fold": 2,
    "test_f1": 0.44516485929489136,
    "test_loss": 0.11308550089597702,
    "test_precision": 0.4450664818286896,
    "test_recall": 0.46048787236213684,
    "test_accuracy": 0.5767511129379272,
    "test_balanced_acc": 0.46048787236213684,
    "test_kappa": 0.6036091446876526,
    "log_dir": "result/Coral_bmi_sex/Resnet34_coral_20260207-113042/fold_2/",
    "best_ckpt": "result/Coral_bmi_sex/Resnet34_coral_20260207-113042/fold_2/checkpoints/best-36-0.5743.ckpt"
  }
}