{
  "best_ckpt": "result/Resnet34_hybrid_20260204-080421/fold_3/checkpoints/best-16-0.6000.ckpt",
  "monitor": "val_kappa",
  "patience": 30,
  "log_dir": "result/Resnet34_hybrid_20260204-080421/fold_3/",
  "in_channels": 1,
  "nb_classes": 4,
  "nb_filters": 32,
  "depth": 6,
  "kernel_size": 41,
  "bottleneck_size": 32,
  "use_residual": true,
  "use_bottleneck": true,
  "lr": 0.0001,
  "average": "macro",
  "standardize": true,
  "use_weighted_sampler": false,
  "seed": 42,
  "precision": "32",
  "fold": 3,
  "all_metrics_test": {
    "fold": 3,
    "test_f1": 0.4282500445842743,
    "test_loss": 100.6978759765625,
    "test_precision": 0.48456892371177673,
    "test_recall": 0.43543416261672974,
    "test_accuracy": 0.5812220573425293,
    "test_balanced_acc": 0.43543416261672974,
    "test_kappa": 0.6293867230415344,
    "log_dir": "result/Resnet34_hybrid_20260204-080421/fold_3/",
    "best_ckpt": "result/Resnet34_hybrid_20260204-080421/fold_3/checkpoints/best-16-0.6000.ckpt"
  }
}