{
  "test_f1": {
    "mean": 0.39429447054862976,
    "std": 0.02170181327372904,
    "mean_std": "0.3943 \u00b1 0.0217"
  },
  "test_precision": {
    "mean": 0.4032064974308014,
    "std": 0.03770704096012881,
    "mean_std": "0.4032 \u00b1 0.0377"
  },
  "test_recall": {
    "mean": 0.4072427570819855,
    "std": 0.02561207269377488,
    "mean_std": "0.4072 \u00b1 0.0256"
  },
  "test_accuracy": {
    "mean": 0.5497751593589782,
    "std": 0.039929573913556914,
    "mean_std": "0.5498 \u00b1 0.0399"
  },
  "test_balanced_acc": {
    "mean": 0.4072427570819855,
    "std": 0.02561207269377488,
    "mean_std": "0.4072 \u00b1 0.0256"
  },
  "test_kappa": {
    "mean": 0.5760599493980407,
    "std": 0.06466521784971642,
    "mean_std": "0.5761 \u00b1 0.0647"
  },
  "test_loss": {
    "mean": 124.00564880371094,
    "std": 14.66935223111357,
    "mean_std": "124.0056 \u00b1 14.6694"
  }
}