{
  "best_ckpt": "result/Coral_bmi/Resnet34_coral_20260207-122839/fold_1/checkpoints/best-26-0.6810.ckpt",
  "monitor": "val_kappa",
  "patience": 30,
  "log_dir": "result/Coral_bmi/Resnet34_coral_20260207-122839/fold_1/",
  "in_channels": 1,
  "nb_classes": 4,
  "nb_filters": 32,
  "depth": 6,
  "kernel_size": 41,
  "bottleneck_size": 32,
  "use_residual": true,
  "use_bottleneck": true,
  "lr": 0.0001,
  "average": "macro",
  "standardize": true,
  "use_weighted_sampler": false,
  "seed": 42,
  "precision": "32",
  "fold": 1,
  "optimal_threshold": 0.5000000000000001,
  "all_metrics_test": {
    "fold": 1,
    "test_f1": 0.41043639183044434,
    "test_loss": 0.1344144642353058,
    "test_precision": 0.4372725486755371,
    "test_recall": 0.41869881749153137,
    "test_accuracy": 0.5416666865348816,
    "test_balanced_acc": 0.41869881749153137,
    "test_kappa": 0.524975061416626,
    "log_dir": "result/Coral_bmi/Resnet34_coral_20260207-122839/fold_1/",
    "best_ckpt": "result/Coral_bmi/Resnet34_coral_20260207-122839/fold_1/checkpoints/best-26-0.6810.ckpt"
  }
}