{
  "test_f1": {
    "mean": 0.41260990500450134,
    "std": 0.033927534784556714,
    "mean_std": "0.4126 \u00b1 0.0339"
  },
  "test_precision": {
    "mean": 0.44812238216400146,
    "std": 0.03754183514184653,
    "mean_std": "0.4481 \u00b1 0.0375"
  },
  "test_recall": {
    "mean": 0.41230756640434263,
    "std": 0.039963469728000904,
    "mean_std": "0.4123 \u00b1 0.0400"
  },
  "test_accuracy": {
    "mean": 0.5804290175437927,
    "std": 0.0436804285976751,
    "mean_std": "0.5804 \u00b1 0.0437"
  },
  "test_balanced_acc": {
    "mean": 0.41230756640434263,
    "std": 0.039963469728000904,
    "mean_std": "0.4123 \u00b1 0.0400"
  },
  "test_kappa": {
    "mean": 0.5780363321304322,
    "std": 0.033798629758433056,
    "mean_std": "0.5780 \u00b1 0.0338"
  },
  "test_loss": {
    "mean": 121.33473052978516,
    "std": 12.786165698600499,
    "mean_std": "121.3347 \u00b1 12.7862"
  }
}