{
  "best_ckpt": "result/Resnet34_hybrid_20260204-093225/fold_4/checkpoints/best-12-0.5995.ckpt",
  "monitor": "val_kappa",
  "patience": 30,
  "log_dir": "result/Resnet34_hybrid_20260204-093225/fold_4/",
  "in_channels": 1,
  "nb_classes": 4,
  "nb_filters": 32,
  "depth": 6,
  "kernel_size": 41,
  "bottleneck_size": 32,
  "use_residual": true,
  "use_bottleneck": true,
  "lr": 0.0001,
  "average": "macro",
  "standardize": true,
  "use_weighted_sampler": false,
  "seed": 42,
  "precision": "32",
  "fold": 4,
  "all_metrics_test": {
    "fold": 4,
    "test_f1": 0.3910438120365143,
    "test_loss": 152.26107788085938,
    "test_precision": 0.40919071435928345,
    "test_recall": 0.40175682306289673,
    "test_accuracy": 0.5104477405548096,
    "test_balanced_acc": 0.40175682306289673,
    "test_kappa": 0.5133535861968994,
    "log_dir": "result/Resnet34_hybrid_20260204-093225/fold_4/",
    "best_ckpt": "result/Resnet34_hybrid_20260204-093225/fold_4/checkpoints/best-12-0.5995.ckpt"
  }
}