{
  "best_ckpt": "result/Resnet34_hybrid_20260203-015349/fold_5/checkpoints/best-80-0.4782.ckpt",
  "monitor": "val_f1",
  "patience": 30,
  "log_dir": "result/Resnet34_hybrid_20260203-015349/fold_5/",
  "in_channels": 1,
  "nb_classes": 4,
  "nb_filters": 32,
  "depth": 6,
  "kernel_size": 41,
  "bottleneck_size": 32,
  "use_residual": true,
  "use_bottleneck": true,
  "lr": 0.0001,
  "average": "macro",
  "standardize": true,
  "use_weighted_sampler": false,
  "seed": 42,
  "precision": "32",
  "fold": 5,
  "all_metrics_test": {
    "fold": 5,
    "test_f1": 0.3880148231983185,
    "test_loss": 146.03965759277344,
    "test_precision": 0.41286054253578186,
    "test_recall": 0.39684632420539856,
    "test_accuracy": 0.5223214030265808,
    "test_balanced_acc": 0.39684632420539856,
    "test_kappa": 0.45235541462898254,
    "log_dir": "result/Resnet34_hybrid_20260203-015349/fold_5/",
    "best_ckpt": "result/Resnet34_hybrid_20260203-015349/fold_5/checkpoints/best-80-0.4782.ckpt"
  }
}