{
  "test_f1": {
    "mean": 0.42713377475738523,
    "std": 0.04022803265933184,
    "mean_std": "0.4271 \u00b1 0.0402"
  },
  "test_precision": {
    "mean": 0.44702488780021665,
    "std": 0.04740732374607077,
    "mean_std": "0.4470 \u00b1 0.0474"
  },
  "test_recall": {
    "mean": 0.4304731905460358,
    "std": 0.040032597874923935,
    "mean_std": "0.4305 \u00b1 0.0400"
  },
  "test_accuracy": {
    "mean": 0.5968411207199097,
    "std": 0.050766790937984994,
    "mean_std": "0.5968 \u00b1 0.0508"
  },
  "test_balanced_acc": {
    "mean": 0.4304731905460358,
    "std": 0.040032597874923935,
    "mean_std": "0.4305 \u00b1 0.0400"
  },
  "test_kappa": {
    "mean": 0.5738116264343261,
    "std": 0.08561452968320007,
    "mean_std": "0.5738 \u00b1 0.0856"
  },
  "test_loss": {
    "mean": 122.90643768310547,
    "std": 20.04336466483538,
    "mean_std": "122.9064 \u00b1 20.0434"
  }
}