{
  "test_f1": {
    "mean": 0.39231693744659424,
    "std": 0.0,
    "mean_std": "0.3923 \u00b1 0.0000"
  },
  "test_precision": {
    "mean": 0.4026181399822235,
    "std": 0.0,
    "mean_std": "0.4026 \u00b1 0.0000"
  },
  "test_recall": {
    "mean": 0.398472398519516,
    "std": 0.0,
    "mean_std": "0.3985 \u00b1 0.0000"
  },
  "test_accuracy": {
    "mean": 0.6229507923126221,
    "std": 0.0,
    "mean_std": "0.6230 \u00b1 0.0000"
  },
  "test_balanced_acc": {
    "mean": 0.398472398519516,
    "std": 0.0,
    "mean_std": "0.3985 \u00b1 0.0000"
  },
  "test_kappa": {
    "mean": 0.5510219931602478,
    "std": 0.0,
    "mean_std": "0.5510 \u00b1 0.0000"
  },
  "test_loss": {
    "mean": 132.43295288085938,
    "std": 0.0,
    "mean_std": "132.4330 \u00b1 0.0000"
  }
}