{
  "best_ckpt": "result/Resnet34_hybrid_20260204-111346/fold_5/checkpoints/best-45-0.7146.ckpt",
  "monitor": "val_kappa",
  "patience": 30,
  "log_dir": "result/Resnet34_hybrid_20260204-111346/fold_5/",
  "in_channels": 1,
  "nb_classes": 4,
  "nb_filters": 32,
  "depth": 6,
  "kernel_size": 41,
  "bottleneck_size": 32,
  "use_residual": true,
  "use_bottleneck": true,
  "lr": 0.0001,
  "average": "macro",
  "standardize": true,
  "use_weighted_sampler": false,
  "seed": 42,
  "precision": "32",
  "fold": 5,
  "all_metrics_test": {
    "fold": 5,
    "test_f1": 0.4178844094276428,
    "test_loss": 124.78392028808594,
    "test_precision": 0.44416990876197815,
    "test_recall": 0.4188409447669983,
    "test_accuracy": 0.6547619104385376,
    "test_balanced_acc": 0.4188409447669983,
    "test_kappa": 0.524218738079071,
    "log_dir": "result/Resnet34_hybrid_20260204-111346/fold_5/",
    "best_ckpt": "result/Resnet34_hybrid_20260204-111346/fold_5/checkpoints/best-45-0.7146.ckpt"
  }
}