{
  "best_ckpt": "result/Resnet34_hybrid_20260203-010449/fold_2/checkpoints/best-13-0.4150.ckpt",
  "monitor": "val_f1",
  "patience": 30,
  "log_dir": "result/Resnet34_hybrid_20260203-010449/fold_2/",
  "in_channels": 1,
  "nb_classes": 4,
  "nb_filters": 32,
  "depth": 6,
  "kernel_size": 41,
  "bottleneck_size": 32,
  "use_residual": true,
  "use_bottleneck": true,
  "lr": 0.0001,
  "average": "macro",
  "standardize": true,
  "use_weighted_sampler": false,
  "seed": 42,
  "precision": "32",
  "fold": 2,
  "all_metrics_test": {
    "fold": 2,
    "test_f1": 0.41680195927619934,
    "test_loss": 133.98382568359375,
    "test_precision": 0.46653807163238525,
    "test_recall": 0.43905243277549744,
    "test_accuracy": 0.46348732709884644,
    "test_balanced_acc": 0.43905243277549744,
    "test_kappa": 0.5662057995796204,
    "log_dir": "result/Resnet34_hybrid_20260203-010449/fold_2/",
    "best_ckpt": "result/Resnet34_hybrid_20260203-010449/fold_2/checkpoints/best-13-0.4150.ckpt"
  }
}