{
  "test_f1": {
    "mean": 0.44158586859703064,
    "std": 0.0,
    "mean_std": "0.4416 \u00b1 0.0000"
  },
  "test_precision": {
    "mean": 0.4511909782886505,
    "std": 0.0,
    "mean_std": "0.4512 \u00b1 0.0000"
  },
  "test_recall": {
    "mean": 0.45093926787376404,
    "std": 0.0,
    "mean_std": "0.4509 \u00b1 0.0000"
  },
  "test_accuracy": {
    "mean": 0.5752608180046082,
    "std": 0.0,
    "mean_std": "0.5753 \u00b1 0.0000"
  },
  "test_balanced_acc": {
    "mean": 0.45093926787376404,
    "std": 0.0,
    "mean_std": "0.4509 \u00b1 0.0000"
  },
  "test_kappa": {
    "mean": 0.5534887909889221,
    "std": 0.0,
    "mean_std": "0.5535 \u00b1 0.0000"
  },
  "test_loss": {
    "mean": 130.25375366210938,
    "std": 0.0,
    "mean_std": "130.2538 \u00b1 0.0000"
  }
}