{
  "best_ckpt": "result/Resnet34_hybrid_20260204-083130/fold_1/checkpoints/best-25-0.6596.ckpt",
  "monitor": "val_kappa",
  "patience": 30,
  "log_dir": "result/Resnet34_hybrid_20260204-083130/fold_1/",
  "in_channels": 1,
  "nb_classes": 4,
  "nb_filters": 32,
  "depth": 6,
  "kernel_size": 41,
  "bottleneck_size": 32,
  "use_residual": true,
  "use_bottleneck": true,
  "lr": 0.0001,
  "average": "macro",
  "standardize": true,
  "use_weighted_sampler": false,
  "seed": 42,
  "precision": "32",
  "fold": 1,
  "all_metrics_test": {
    "fold": 1,
    "test_f1": 0.44103896617889404,
    "test_loss": 121.57395935058594,
    "test_precision": 0.4777671992778778,
    "test_recall": 0.43689897656440735,
    "test_accuracy": 0.5416666865348816,
    "test_balanced_acc": 0.43689897656440735,
    "test_kappa": 0.5527219772338867,
    "log_dir": "result/Resnet34_hybrid_20260204-083130/fold_1/",
    "best_ckpt": "result/Resnet34_hybrid_20260204-083130/fold_1/checkpoints/best-25-0.6596.ckpt"
  }
}