{
  "test_f1": {
    "mean": 0.44162511825561523,
    "std": 0.0,
    "mean_std": "0.4416 \u00b1 0.0000"
  },
  "test_precision": {
    "mean": 0.45539453625679016,
    "std": 0.0,
    "mean_std": "0.4554 \u00b1 0.0000"
  },
  "test_recall": {
    "mean": 0.4552100598812103,
    "std": 0.0,
    "mean_std": "0.4552 \u00b1 0.0000"
  },
  "test_accuracy": {
    "mean": 0.569299578666687,
    "std": 0.0,
    "mean_std": "0.5693 \u00b1 0.0000"
  },
  "test_balanced_acc": {
    "mean": 0.4552100598812103,
    "std": 0.0,
    "mean_std": "0.4552 \u00b1 0.0000"
  },
  "test_kappa": {
    "mean": 0.581154465675354,
    "std": 0.0,
    "mean_std": "0.5812 \u00b1 0.0000"
  },
  "test_loss": {
    "mean": 129.49879455566406,
    "std": 0.0,
    "mean_std": "129.4988 \u00b1 0.0000"
  }
}