{
  "best_ckpt": "result/Coral_bmi_sex/Resnet34_coral_20260207-113042/fold_5/checkpoints/best-21-0.6592.ckpt",
  "monitor": "val_kappa",
  "patience": 30,
  "log_dir": "result/Coral_bmi_sex/Resnet34_coral_20260207-113042/fold_5/",
  "in_channels": 1,
  "nb_classes": 4,
  "nb_filters": 32,
  "depth": 6,
  "kernel_size": 41,
  "bottleneck_size": 32,
  "use_residual": true,
  "use_bottleneck": true,
  "lr": 0.0001,
  "average": "macro",
  "standardize": true,
  "use_weighted_sampler": false,
  "seed": 42,
  "precision": "32",
  "fold": 5,
  "optimal_threshold": 0.5500000000000002,
  "all_metrics_test": {
    "fold": 5,
    "test_f1": 0.3768840432167053,
    "test_loss": 0.11014548689126968,
    "test_precision": 0.49112796783447266,
    "test_recall": 0.36278995871543884,
    "test_accuracy": 0.5877976417541504,
    "test_balanced_acc": 0.36278995871543884,
    "test_kappa": 0.5802279114723206,
    "log_dir": "result/Coral_bmi_sex/Resnet34_coral_20260207-113042/fold_5/",
    "best_ckpt": "result/Coral_bmi_sex/Resnet34_coral_20260207-113042/fold_5/checkpoints/best-21-0.6592.ckpt"
  }
}