{
  "best_ckpt": "result/Resnet34_hybrid_20260203-010449/fold_3/checkpoints/best-24-0.4654.ckpt",
  "monitor": "val_f1",
  "patience": 30,
  "log_dir": "result/Resnet34_hybrid_20260203-010449/fold_3/",
  "in_channels": 1,
  "nb_classes": 4,
  "nb_filters": 32,
  "depth": 6,
  "kernel_size": 41,
  "bottleneck_size": 32,
  "use_residual": true,
  "use_bottleneck": true,
  "lr": 0.0001,
  "average": "macro",
  "standardize": true,
  "use_weighted_sampler": false,
  "seed": 42,
  "precision": "32",
  "fold": 3,
  "all_metrics_test": {
    "fold": 3,
    "test_f1": 0.4023743271827698,
    "test_loss": 106.0307388305664,
    "test_precision": 0.4059891700744629,
    "test_recall": 0.4275798499584198,
    "test_accuracy": 0.5961251854896545,
    "test_balanced_acc": 0.4275798499584198,
    "test_kappa": 0.6564829349517822,
    "log_dir": "result/Resnet34_hybrid_20260203-010449/fold_3/",
    "best_ckpt": "result/Resnet34_hybrid_20260203-010449/fold_3/checkpoints/best-24-0.4654.ckpt"
  }
}