{
  "test_f1": {
    "mean": 0.43140375018119814,
    "std": 0.03314935306906785,
    "mean_std": "0.4314 \u00b1 0.0331"
  },
  "test_precision": {
    "mean": 0.44005343317985535,
    "std": 0.03297986617522862,
    "mean_std": "0.4401 \u00b1 0.0330"
  },
  "test_recall": {
    "mean": 0.4455938220024109,
    "std": 0.04139823257583531,
    "mean_std": "0.4456 \u00b1 0.0414"
  },
  "test_accuracy": {
    "mean": 0.5813445568084716,
    "std": 0.008991811318656614,
    "mean_std": "0.5813 \u00b1 0.0090"
  },
  "test_balanced_acc": {
    "mean": 0.4455938220024109,
    "std": 0.04139823257583531,
    "mean_std": "0.4456 \u00b1 0.0414"
  },
  "test_kappa": {
    "mean": 0.5614842295646667,
    "std": 0.04154473113384769,
    "mean_std": "0.5615 \u00b1 0.0415"
  },
  "test_loss": {
    "mean": 0.8543910622596741,
    "std": 0.17559844199315935,
    "mean_std": "0.8544 \u00b1 0.1756"
  }
}