{
  "best_ckpt": "result/Resnet34_hybrid_20260203-015349/fold_4/checkpoints/best-33-0.4698.ckpt",
  "monitor": "val_f1",
  "patience": 30,
  "log_dir": "result/Resnet34_hybrid_20260203-015349/fold_4/",
  "in_channels": 1,
  "nb_classes": 4,
  "nb_filters": 32,
  "depth": 6,
  "kernel_size": 41,
  "bottleneck_size": 32,
  "use_residual": true,
  "use_bottleneck": true,
  "lr": 0.0001,
  "average": "macro",
  "standardize": true,
  "use_weighted_sampler": false,
  "seed": 42,
  "precision": "32",
  "fold": 4,
  "all_metrics_test": {
    "fold": 4,
    "test_f1": 0.36879032850265503,
    "test_loss": 160.9381561279297,
    "test_precision": 0.39373651146888733,
    "test_recall": 0.3790144622325897,
    "test_accuracy": 0.47611939907073975,
    "test_balanced_acc": 0.3790144622325897,
    "test_kappa": 0.4702927768230438,
    "log_dir": "result/Resnet34_hybrid_20260203-015349/fold_4/",
    "best_ckpt": "result/Resnet34_hybrid_20260203-015349/fold_4/checkpoints/best-33-0.4698.ckpt"
  }
}