{
  "best_ckpt": "result/Resnet34_FocalCos_20260204-081853/fold_4/checkpoints/best-09-0.6553.ckpt",
  "monitor": "val_kappa",
  "patience": 30,
  "log_dir": "result/Resnet34_FocalCos_20260204-081853/fold_4/",
  "in_channels": 1,
  "nb_classes": 4,
  "nb_filters": 32,
  "depth": 6,
  "kernel_size": 41,
  "bottleneck_size": 32,
  "use_residual": true,
  "use_bottleneck": true,
  "lr": 0.0001,
  "average": "macro",
  "standardize": true,
  "use_weighted_sampler": false,
  "seed": 42,
  "precision": "32",
  "fold": 4,
  "all_metrics_test": {
    "fold": 4,
    "test_f1": 0.41936028003692627,
    "test_loss": 1.003225326538086,
    "test_precision": 0.42911916971206665,
    "test_recall": 0.434543251991272,
    "test_accuracy": 0.5462686419487,
    "test_balanced_acc": 0.434543251991272,
    "test_kappa": 0.5247943997383118,
    "log_dir": "result/Resnet34_FocalCos_20260204-081853/fold_4/",
    "best_ckpt": "result/Resnet34_FocalCos_20260204-081853/fold_4/checkpoints/best-09-0.6553.ckpt"
  }
}