{
  "best_ckpt": "result/Resnet34_coral\\Resnet34_coral_20260210-160027\\fold_1\\checkpoints\\best-33-0.6356.ckpt",
  "monitor": "val_kappa",
  "patience": 30,
  "log_dir": "result/Resnet34_coral\\Resnet34_coral_20260210-160027\\fold_1\\",
  "in_channels": 1,
  "nb_classes": 4,
  "nb_filters": 32,
  "depth": 6,
  "kernel_size": 41,
  "bottleneck_size": 32,
  "use_residual": true,
  "use_bottleneck": true,
  "lr": 0.0001,
  "average": "macro",
  "standardize": true,
  "use_weighted_sampler": false,
  "seed": 42,
  "precision": "32",
  "fold": 1,
  "optimal_threshold": 0.5000000000000001,
  "all_metrics_test": {
    "fold": 1,
    "test_f1": 0.3983464241027832,
    "test_loss": 0.12319207936525345,
    "test_precision": 0.43400317430496216,
    "test_recall": 0.3981996178627014,
    "test_accuracy": 0.5724743604660034,
    "test_balanced_acc": 0.3981996178627014,
    "test_kappa": 0.5855453014373779,
    "log_dir": "result/Resnet34_coral\\Resnet34_coral_20260210-160027\\fold_1\\",
    "best_ckpt": "result/Resnet34_coral\\Resnet34_coral_20260210-160027\\fold_1\\checkpoints\\best-33-0.6356.ckpt"
  }
}