{
  "best_ckpt": "result/Resnet34_coral\\Resnet34_coral_20260210-160027\\fold_2\\checkpoints\\best-18-0.7219.ckpt",
  "monitor": "val_kappa",
  "patience": 30,
  "log_dir": "result/Resnet34_coral\\Resnet34_coral_20260210-160027\\fold_2\\",
  "in_channels": 1,
  "nb_classes": 4,
  "nb_filters": 32,
  "depth": 6,
  "kernel_size": 41,
  "bottleneck_size": 32,
  "use_residual": true,
  "use_bottleneck": true,
  "lr": 0.0001,
  "average": "macro",
  "standardize": true,
  "use_weighted_sampler": false,
  "seed": 42,
  "precision": "32",
  "fold": 2,
  "optimal_threshold": 0.5000000000000001,
  "all_metrics_test": {
    "fold": 2,
    "test_f1": 0.40783369541168213,
    "test_loss": 0.10906016826629639,
    "test_precision": 0.4382461607456207,
    "test_recall": 0.3968443274497986,
    "test_accuracy": 0.5671191811561584,
    "test_balanced_acc": 0.3968443274497986,
    "test_kappa": 0.5657488107681274,
    "log_dir": "result/Resnet34_coral\\Resnet34_coral_20260210-160027\\fold_2\\",
    "best_ckpt": "result/Resnet34_coral\\Resnet34_coral_20260210-160027\\fold_2\\checkpoints\\best-18-0.7219.ckpt"
  }
}