{
  "test_f1": {
    "mean": 0.4385403096675873,
    "std": 0.0,
    "mean_std": "0.4385 \u00b1 0.0000"
  },
  "test_precision": {
    "mean": 0.4465661942958832,
    "std": 0.0,
    "mean_std": "0.4466 \u00b1 0.0000"
  },
  "test_recall": {
    "mean": 0.4403821527957916,
    "std": 0.0,
    "mean_std": "0.4404 \u00b1 0.0000"
  },
  "test_accuracy": {
    "mean": 0.6378539204597473,
    "std": 0.0,
    "mean_std": "0.6379 \u00b1 0.0000"
  },
  "test_balanced_acc": {
    "mean": 0.4403821527957916,
    "std": 0.0,
    "mean_std": "0.4404 \u00b1 0.0000"
  },
  "test_kappa": {
    "mean": 0.5821228623390198,
    "std": 0.0,
    "mean_std": "0.5821 \u00b1 0.0000"
  },
  "test_loss": {
    "mean": 118.48583221435547,
    "std": 0.0,
    "mean_std": "118.4858 \u00b1 0.0000"
  }
}