{
  "test_f1": {
    "mean": 0.4362832307815552,
    "std": 0.02585804727033685,
    "mean_std": "0.4363 \u00b1 0.0259"
  },
  "test_precision": {
    "mean": 0.4605835437774658,
    "std": 0.034312841552600865,
    "mean_std": "0.4606 \u00b1 0.0343"
  },
  "test_recall": {
    "mean": 0.43562005162239076,
    "std": 0.024433278672223696,
    "mean_std": "0.4356 \u00b1 0.0244"
  },
  "test_accuracy": {
    "mean": 0.6045787572860718,
    "std": 0.04651185415823881,
    "mean_std": "0.6046 \u00b1 0.0465"
  },
  "test_balanced_acc": {
    "mean": 0.43562005162239076,
    "std": 0.024433278672223696,
    "mean_std": "0.4356 \u00b1 0.0244"
  },
  "test_kappa": {
    "mean": 0.5722230315208435,
    "std": 0.05669800307750719,
    "mean_std": "0.5722 \u00b1 0.0567"
  },
  "test_loss": {
    "mean": 0.7463406801223755,
    "std": 0.1804015294213142,
    "mean_std": "0.7463 \u00b1 0.1804"
  }
}