{
  "test_f1": {
    "mean": 0.4167403280735016,
    "std": 0.0,
    "mean_std": "0.4167 \u00b1 0.0000"
  },
  "test_precision": {
    "mean": 0.41446179151535034,
    "std": 0.0,
    "mean_std": "0.4145 \u00b1 0.0000"
  },
  "test_recall": {
    "mean": 0.4285247325897217,
    "std": 0.0,
    "mean_std": "0.4285 \u00b1 0.0000"
  },
  "test_accuracy": {
    "mean": 0.5543964505195618,
    "std": 0.0,
    "mean_std": "0.5544 \u00b1 0.0000"
  },
  "test_balanced_acc": {
    "mean": 0.4285247325897217,
    "std": 0.0,
    "mean_std": "0.4285 \u00b1 0.0000"
  },
  "test_kappa": {
    "mean": 0.5641499757766724,
    "std": 0.0,
    "mean_std": "0.5641 \u00b1 0.0000"
  },
  "test_loss": {
    "mean": 135.3756103515625,
    "std": 0.0,
    "mean_std": "135.3756 \u00b1 0.0000"
  }
}