{
  "test_f1": {
    "mean": 0.40385088324546814,
    "std": 0.04026882288508419,
    "mean_std": "0.4039 \u00b1 0.0403"
  },
  "test_precision": {
    "mean": 0.4038423836231232,
    "std": 0.05070560213578919,
    "mean_std": "0.4038 \u00b1 0.0507"
  },
  "test_recall": {
    "mean": 0.41716563105583193,
    "std": 0.028450291717764177,
    "mean_std": "0.4172 \u00b1 0.0285"
  },
  "test_accuracy": {
    "mean": 0.5795486092567443,
    "std": 0.030442584942723373,
    "mean_std": "0.5795 \u00b1 0.0304"
  },
  "test_balanced_acc": {
    "mean": 0.41716563105583193,
    "std": 0.028450291717764177,
    "mean_std": "0.4172 \u00b1 0.0285"
  },
  "test_kappa": {
    "mean": 0.5738163352012634,
    "std": 0.04565279611043243,
    "mean_std": "0.5738 \u00b1 0.0457"
  },
  "test_loss": {
    "mean": 126.06890411376953,
    "std": 7.080159491095303,
    "mean_std": "126.0689 \u00b1 7.0802"
  }
}