{
  "best_ckpt": "result/Resnet34_hybrid_20260204-111346/fold_4/checkpoints/best-26-0.6171.ckpt",
  "monitor": "val_kappa",
  "patience": 30,
  "log_dir": "result/Resnet34_hybrid_20260204-111346/fold_4/",
  "in_channels": 1,
  "nb_classes": 4,
  "nb_filters": 32,
  "depth": 6,
  "kernel_size": 41,
  "bottleneck_size": 32,
  "use_residual": true,
  "use_bottleneck": true,
  "lr": 0.0001,
  "average": "macro",
  "standardize": true,
  "use_weighted_sampler": false,
  "seed": 42,
  "precision": "32",
  "fold": 4,
  "all_metrics_test": {
    "fold": 4,
    "test_f1": 0.3715038597583771,
    "test_loss": 146.3123321533203,
    "test_precision": 0.36896052956581116,
    "test_recall": 0.3801362216472626,
    "test_accuracy": 0.5776119232177734,
    "test_balanced_acc": 0.3801362216472626,
    "test_kappa": 0.5093839764595032,
    "log_dir": "result/Resnet34_hybrid_20260204-111346/fold_4/",
    "best_ckpt": "result/Resnet34_hybrid_20260204-111346/fold_4/checkpoints/best-26-0.6171.ckpt"
  }
}