{
  "best_ckpt": "result/hybrid/Resnet34_hybrid_20260206-160910/fold_3/checkpoints/best-49-0.6163.ckpt",
  "monitor": "val_kappa",
  "patience": 30,
  "log_dir": "result/hybrid/Resnet34_hybrid_20260206-160910/fold_3/",
  "in_channels": 1,
  "nb_classes": 4,
  "nb_filters": 32,
  "depth": 6,
  "kernel_size": 41,
  "bottleneck_size": 32,
  "use_residual": true,
  "use_bottleneck": true,
  "lr": 0.0001,
  "average": "macro",
  "standardize": true,
  "use_weighted_sampler": false,
  "seed": 42,
  "precision": "32",
  "fold": 3,
  "all_metrics_test": {
    "fold": 3,
    "test_f1": 0.4646824300289154,
    "test_loss": 95.83412170410156,
    "test_precision": 0.49421241879463196,
    "test_recall": 0.4652811586856842,
    "test_accuracy": 0.6229507923126221,
    "test_balanced_acc": 0.4652811586856842,
    "test_kappa": 0.6980471014976501,
    "log_dir": "result/hybrid/Resnet34_hybrid_20260206-160910/fold_3/",
    "best_ckpt": "result/hybrid/Resnet34_hybrid_20260206-160910/fold_3/checkpoints/best-49-0.6163.ckpt"
  }
}