{
  "best_ckpt": "result/hybrid/Resnet34_hybrid_20260207-034222/fold_4/checkpoints/best-14-0.6153.ckpt",
  "monitor": "val_kappa",
  "patience": 30,
  "log_dir": "result/hybrid/Resnet34_hybrid_20260207-034222/fold_4/",
  "in_channels": 1,
  "nb_classes": 4,
  "nb_filters": 32,
  "depth": 6,
  "kernel_size": 41,
  "bottleneck_size": 32,
  "use_residual": true,
  "use_bottleneck": true,
  "lr": 0.0001,
  "average": "macro",
  "standardize": true,
  "use_weighted_sampler": false,
  "seed": 42,
  "precision": "32",
  "fold": 4,
  "all_metrics_test": {
    "fold": 4,
    "test_f1": 0.37955978512763977,
    "test_loss": 137.6504364013672,
    "test_precision": 0.39198973774909973,
    "test_recall": 0.3795217275619507,
    "test_accuracy": 0.60447758436203,
    "test_balanced_acc": 0.3795217275619507,
    "test_kappa": 0.5193924307823181,
    "log_dir": "result/hybrid/Resnet34_hybrid_20260207-034222/fold_4/",
    "best_ckpt": "result/hybrid/Resnet34_hybrid_20260207-034222/fold_4/checkpoints/best-14-0.6153.ckpt"
  }
}