{
  "best_ckpt": "result/Resnet34_FocalCos_20260204-024221/fold_2/checkpoints/best-15-0.4114.ckpt",
  "monitor": "val_f1",
  "patience": 30,
  "log_dir": "result/Resnet34_FocalCos_20260204-024221/fold_2/",
  "in_channels": 1,
  "nb_classes": 4,
  "nb_filters": 32,
  "depth": 6,
  "kernel_size": 41,
  "bottleneck_size": 32,
  "use_residual": true,
  "use_bottleneck": true,
  "lr": 0.0001,
  "average": "macro",
  "standardize": true,
  "use_weighted_sampler": false,
  "seed": 42,
  "precision": "32",
  "fold": 2,
  "all_metrics_test": {
    "fold": 2,
    "test_f1": 0.474589467048645,
    "test_loss": 0.8051267266273499,
    "test_precision": 0.47226426005363464,
    "test_recall": 0.49601536989212036,
    "test_accuracy": 0.5842027068138123,
    "test_balanced_acc": 0.49601536989212036,
    "test_kappa": 0.5752782821655273,
    "log_dir": "result/Resnet34_FocalCos_20260204-024221/fold_2/",
    "best_ckpt": "result/Resnet34_FocalCos_20260204-024221/fold_2/checkpoints/best-15-0.4114.ckpt"
  }
}