{
  "test_f1": {
    "mean": 0.3834092319011688,
    "std": 0.0,
    "mean_std": "0.3834 \u00b1 0.0000"
  },
  "test_precision": {
    "mean": 0.39219579100608826,
    "std": 0.0,
    "mean_std": "0.3922 \u00b1 0.0000"
  },
  "test_recall": {
    "mean": 0.39191508293151855,
    "std": 0.0,
    "mean_std": "0.3919 \u00b1 0.0000"
  },
  "test_accuracy": {
    "mean": 0.5707898736000061,
    "std": 0.0,
    "mean_std": "0.5708 \u00b1 0.0000"
  },
  "test_balanced_acc": {
    "mean": 0.39191508293151855,
    "std": 0.0,
    "mean_std": "0.3919 \u00b1 0.0000"
  },
  "test_kappa": {
    "mean": 0.5309633016586304,
    "std": 0.0,
    "mean_std": "0.5310 \u00b1 0.0000"
  },
  "test_loss": {
    "mean": 131.1833038330078,
    "std": 0.0,
    "mean_std": "131.1833 \u00b1 0.0000"
  }
}