{
  "best_ckpt": "result/Coral_bmi_sex/Resnet34_coral_20260207-113042/fold_3/checkpoints/best-36-0.6421.ckpt",
  "monitor": "val_kappa",
  "patience": 30,
  "log_dir": "result/Coral_bmi_sex/Resnet34_coral_20260207-113042/fold_3/",
  "in_channels": 1,
  "nb_classes": 4,
  "nb_filters": 32,
  "depth": 6,
  "kernel_size": 41,
  "bottleneck_size": 32,
  "use_residual": true,
  "use_bottleneck": true,
  "lr": 0.0001,
  "average": "macro",
  "standardize": true,
  "use_weighted_sampler": false,
  "seed": 42,
  "precision": "32",
  "fold": 3,
  "optimal_threshold": 0.5000000000000001,
  "all_metrics_test": {
    "fold": 3,
    "test_f1": 0.4595245122909546,
    "test_loss": 0.10555420815944672,
    "test_precision": 0.4878312051296234,
    "test_recall": 0.47574472427368164,
    "test_accuracy": 0.5707898736000061,
    "test_balanced_acc": 0.47574472427368164,
    "test_kappa": 0.6598483324050903,
    "log_dir": "result/Coral_bmi_sex/Resnet34_coral_20260207-113042/fold_3/",
    "best_ckpt": "result/Coral_bmi_sex/Resnet34_coral_20260207-113042/fold_3/checkpoints/best-36-0.6421.ckpt"
  }
}