{
  "best_ckpt": "result/Resnet34_hybrid_20260204-101853/fold_2/checkpoints/best-22-0.5828.ckpt",
  "monitor": "val_kappa",
  "patience": 30,
  "log_dir": "result/Resnet34_hybrid_20260204-101853/fold_2/",
  "in_channels": 1,
  "nb_classes": 4,
  "nb_filters": 32,
  "depth": 6,
  "kernel_size": 41,
  "bottleneck_size": 32,
  "use_residual": true,
  "use_bottleneck": true,
  "lr": 0.0001,
  "average": "macro",
  "standardize": true,
  "use_weighted_sampler": false,
  "seed": 42,
  "precision": "32",
  "fold": 2,
  "all_metrics_test": {
    "fold": 2,
    "test_f1": 0.42253485321998596,
    "test_loss": 130.43260192871094,
    "test_precision": 0.42159929871559143,
    "test_recall": 0.42509976029396057,
    "test_accuracy": 0.6140089631080627,
    "test_balanced_acc": 0.42509976029396057,
    "test_kappa": 0.5947944521903992,
    "log_dir": "result/Resnet34_hybrid_20260204-101853/fold_2/",
    "best_ckpt": "result/Resnet34_hybrid_20260204-101853/fold_2/checkpoints/best-22-0.5828.ckpt"
  }
}