{
  "test_f1": {
    "mean": 0.415554815530777,
    "std": 0.035413711060326016,
    "mean_std": "0.4156 \u00b1 0.0354"
  },
  "test_precision": {
    "mean": 0.4305303871631622,
    "std": 0.040029868776923355,
    "mean_std": "0.4305 \u00b1 0.0400"
  },
  "test_recall": {
    "mean": 0.43896161317825316,
    "std": 0.019353641769889584,
    "mean_std": "0.4390 \u00b1 0.0194"
  },
  "test_accuracy": {
    "mean": 0.5736077904701233,
    "std": 0.046626536910011986,
    "mean_std": "0.5736 \u00b1 0.0466"
  },
  "test_balanced_acc": {
    "mean": 0.43896161317825316,
    "std": 0.019353641769889584,
    "mean_std": "0.4390 \u00b1 0.0194"
  },
  "test_kappa": {
    "mean": 0.568453335762024,
    "std": 0.046441523819742835,
    "mean_std": "0.5685 \u00b1 0.0464"
  },
  "test_loss": {
    "mean": 0.8466547966003418,
    "std": 0.09057893717762558,
    "mean_std": "0.8467 \u00b1 0.0906"
  }
}