{
  "best_ckpt": "result/Resnet34_hybrid_20260203-015349/fold_1/checkpoints/best-02-0.4822.ckpt",
  "monitor": "val_f1",
  "patience": 30,
  "log_dir": "result/Resnet34_hybrid_20260203-015349/fold_1/",
  "in_channels": 1,
  "nb_classes": 4,
  "nb_filters": 32,
  "depth": 6,
  "kernel_size": 41,
  "bottleneck_size": 32,
  "use_residual": true,
  "use_bottleneck": true,
  "lr": 0.0001,
  "average": "macro",
  "standardize": true,
  "use_weighted_sampler": false,
  "seed": 42,
  "precision": "32",
  "fold": 1,
  "all_metrics_test": {
    "fold": 1,
    "test_f1": 0.4231685996055603,
    "test_loss": 132.47817993164062,
    "test_precision": 0.49932315945625305,
    "test_recall": 0.45352113246917725,
    "test_accuracy": 0.5357142686843872,
    "test_balanced_acc": 0.45352113246917725,
    "test_kappa": 0.5527081489562988,
    "log_dir": "result/Resnet34_hybrid_20260203-015349/fold_1/",
    "best_ckpt": "result/Resnet34_hybrid_20260203-015349/fold_1/checkpoints/best-02-0.4822.ckpt"
  }
}