{
  "best_ckpt": "result/hybrid_sex/Resnet34_hybrid_20260206-182946/fold_1/checkpoints/best-33-0.6311.ckpt",
  "monitor": "val_kappa",
  "patience": 30,
  "log_dir": "result/hybrid_sex/Resnet34_hybrid_20260206-182946/fold_1/",
  "in_channels": 1,
  "nb_classes": 4,
  "nb_filters": 32,
  "depth": 6,
  "kernel_size": 41,
  "bottleneck_size": 32,
  "use_residual": true,
  "use_bottleneck": true,
  "lr": 0.0001,
  "average": "macro",
  "standardize": true,
  "use_weighted_sampler": false,
  "seed": 42,
  "precision": "32",
  "fold": 1,
  "all_metrics_test": {
    "fold": 1,
    "test_f1": 0.44329702854156494,
    "test_loss": 121.94709014892578,
    "test_precision": 0.4959459602832794,
    "test_recall": 0.42878225445747375,
    "test_accuracy": 0.5892857313156128,
    "test_balanced_acc": 0.42878225445747375,
    "test_kappa": 0.5626391768455505,
    "log_dir": "result/hybrid_sex/Resnet34_hybrid_20260206-182946/fold_1/",
    "best_ckpt": "result/hybrid_sex/Resnet34_hybrid_20260206-182946/fold_1/checkpoints/best-33-0.6311.ckpt"
  }
}