{
  "test_f1": {
    "mean": 0.41867274045944214,
    "std": 0.0,
    "mean_std": "0.4187 \u00b1 0.0000"
  },
  "test_precision": {
    "mean": 0.46248355507850647,
    "std": 0.0,
    "mean_std": "0.4625 \u00b1 0.0000"
  },
  "test_recall": {
    "mean": 0.41667935252189636,
    "std": 0.0,
    "mean_std": "0.4167 \u00b1 0.0000"
  },
  "test_accuracy": {
    "mean": 0.564828634262085,
    "std": 0.0,
    "mean_std": "0.5648 \u00b1 0.0000"
  },
  "test_balanced_acc": {
    "mean": 0.41667935252189636,
    "std": 0.0,
    "mean_std": "0.4167 \u00b1 0.0000"
  },
  "test_kappa": {
    "mean": 0.49569040536880493,
    "std": 0.0,
    "mean_std": "0.4957 \u00b1 0.0000"
  },
  "test_loss": {
    "mean": 138.42617797851562,
    "std": 0.0,
    "mean_std": "138.4262 \u00b1 0.0000"
  }
}