{
  "best_ckpt": "result/Coral_sex/Resnet34_coral_20260207-131900/fold_1/checkpoints/best-49-0.7151.ckpt",
  "monitor": "val_kappa",
  "patience": 30,
  "log_dir": "result/Coral_sex/Resnet34_coral_20260207-131900/fold_1/",
  "in_channels": 1,
  "nb_classes": 4,
  "nb_filters": 32,
  "depth": 6,
  "kernel_size": 41,
  "bottleneck_size": 32,
  "use_residual": true,
  "use_bottleneck": true,
  "lr": 0.0001,
  "average": "macro",
  "standardize": true,
  "use_weighted_sampler": false,
  "seed": 42,
  "precision": "32",
  "fold": 1,
  "optimal_threshold": 0.5000000000000001,
  "all_metrics_test": {
    "fold": 1,
    "test_f1": 0.4371829032897949,
    "test_loss": 0.144472137093544,
    "test_precision": 0.4635479152202606,
    "test_recall": 0.43920251727104187,
    "test_accuracy": 0.5848214030265808,
    "test_balanced_acc": 0.43920251727104187,
    "test_kappa": 0.5541381239891052,
    "log_dir": "result/Coral_sex/Resnet34_coral_20260207-131900/fold_1/",
    "best_ckpt": "result/Coral_sex/Resnet34_coral_20260207-131900/fold_1/checkpoints/best-49-0.7151.ckpt"
  }
}