{
  "test_f1": {
    "mean": 0.41636289954185485,
    "std": 0.022834698969923444,
    "mean_std": "0.4164 \u00b1 0.0228"
  },
  "test_precision": {
    "mean": 0.4444155752658844,
    "std": 0.029984367561354894,
    "mean_std": "0.4444 \u00b1 0.0300"
  },
  "test_recall": {
    "mean": 0.4251721858978271,
    "std": 0.024399573681861582,
    "mean_std": "0.4252 \u00b1 0.0244"
  },
  "test_accuracy": {
    "mean": 0.5497521042823792,
    "std": 0.05123935053412628,
    "mean_std": "0.5498 \u00b1 0.0512"
  },
  "test_balanced_acc": {
    "mean": 0.4251721858978271,
    "std": 0.024399573681861582,
    "mean_std": "0.4252 \u00b1 0.0244"
  },
  "test_kappa": {
    "mean": 0.574720275402069,
    "std": 0.054868478112991746,
    "mean_std": "0.5747 \u00b1 0.0549"
  },
  "test_loss": {
    "mean": 125.44574127197265,
    "std": 11.803585043958869,
    "mean_std": "125.4457 \u00b1 11.8036"
  }
}