{
  "best_ckpt": "result/Resnet34_hybrid_20260203-024903/fold_4/checkpoints/best-42-0.4674.ckpt",
  "monitor": "val_f1",
  "patience": 30,
  "log_dir": "result/Resnet34_hybrid_20260203-024903/fold_4/",
  "in_channels": 1,
  "nb_classes": 4,
  "nb_filters": 32,
  "depth": 6,
  "kernel_size": 41,
  "bottleneck_size": 32,
  "use_residual": true,
  "use_bottleneck": true,
  "lr": 0.0001,
  "average": "macro",
  "standardize": true,
  "use_weighted_sampler": false,
  "seed": 42,
  "precision": "32",
  "fold": 4,
  "all_metrics_test": {
    "fold": 4,
    "test_f1": 0.39564746618270874,
    "test_loss": 149.6255645751953,
    "test_precision": 0.3930675983428955,
    "test_recall": 0.4137003719806671,
    "test_accuracy": 0.5895522236824036,
    "test_balanced_acc": 0.4137003719806671,
    "test_kappa": 0.543997049331665,
    "log_dir": "result/Resnet34_hybrid_20260203-024903/fold_4/",
    "best_ckpt": "result/Resnet34_hybrid_20260203-024903/fold_4/checkpoints/best-42-0.4674.ckpt"
  }
}