{
  "test_f1": {
    "mean": 0.4527003109455109,
    "std": 0.029733891834922848,
    "mean_std": "0.4527 \u00b1 0.0297"
  },
  "test_precision": {
    "mean": 0.4633840322494507,
    "std": 0.029945802740267608,
    "mean_std": "0.4634 \u00b1 0.0299"
  },
  "test_recall": {
    "mean": 0.4632969260215759,
    "std": 0.04477355163681172,
    "mean_std": "0.4633 \u00b1 0.0448"
  },
  "test_accuracy": {
    "mean": 0.6137987732887268,
    "std": 0.03550355088088619,
    "mean_std": "0.6138 \u00b1 0.0355"
  },
  "test_balanced_acc": {
    "mean": 0.4632969260215759,
    "std": 0.04477355163681172,
    "mean_std": "0.4633 \u00b1 0.0448"
  },
  "test_kappa": {
    "mean": 0.5790404796600341,
    "std": 0.04849651368823961,
    "mean_std": "0.5790 \u00b1 0.0485"
  },
  "test_loss": {
    "mean": 0.6026766419410705,
    "std": 0.1887877474794989,
    "mean_std": "0.6027 \u00b1 0.1888"
  }
}