{
  "best_ckpt": "result/hybrid/Resnet34_hybrid_20260206-160910/fold_5/checkpoints/best-20-0.6779.ckpt",
  "monitor": "val_kappa",
  "patience": 30,
  "log_dir": "result/hybrid/Resnet34_hybrid_20260206-160910/fold_5/",
  "in_channels": 1,
  "nb_classes": 4,
  "nb_filters": 32,
  "depth": 6,
  "kernel_size": 41,
  "bottleneck_size": 32,
  "use_residual": true,
  "use_bottleneck": true,
  "lr": 0.0001,
  "average": "macro",
  "standardize": true,
  "use_weighted_sampler": false,
  "seed": 42,
  "precision": "32",
  "fold": 5,
  "all_metrics_test": {
    "fold": 5,
    "test_f1": 0.42199140787124634,
    "test_loss": 122.115234375,
    "test_precision": 0.46086210012435913,
    "test_recall": 0.42411521077156067,
    "test_accuracy": 0.574404776096344,
    "test_balanced_acc": 0.42411521077156067,
    "test_kappa": 0.5757136344909668,
    "log_dir": "result/hybrid/Resnet34_hybrid_20260206-160910/fold_5/",
    "best_ckpt": "result/hybrid/Resnet34_hybrid_20260206-160910/fold_5/checkpoints/best-20-0.6779.ckpt"
  }
}