{
  "best_ckpt": "result/hybrid/Resnet34_hybrid_20260206-160910/fold_2/checkpoints/best-23-0.5897.ckpt",
  "monitor": "val_kappa",
  "patience": 30,
  "log_dir": "result/hybrid/Resnet34_hybrid_20260206-160910/fold_2/",
  "in_channels": 1,
  "nb_classes": 4,
  "nb_filters": 32,
  "depth": 6,
  "kernel_size": 41,
  "bottleneck_size": 32,
  "use_residual": true,
  "use_bottleneck": true,
  "lr": 0.0001,
  "average": "macro",
  "standardize": true,
  "use_weighted_sampler": false,
  "seed": 42,
  "precision": "32",
  "fold": 2,
  "all_metrics_test": {
    "fold": 2,
    "test_f1": 0.4202687442302704,
    "test_loss": 122.27244567871094,
    "test_precision": 0.426580548286438,
    "test_recall": 0.42667898535728455,
    "test_accuracy": 0.6438152194023132,
    "test_balanced_acc": 0.42667898535728455,
    "test_kappa": 0.6244514584541321,
    "log_dir": "result/hybrid/Resnet34_hybrid_20260206-160910/fold_2/",
    "best_ckpt": "result/hybrid/Resnet34_hybrid_20260206-160910/fold_2/checkpoints/best-23-0.5897.ckpt"
  }
}