{
  "best_ckpt": "result/Resnet34_hybrid_20260204-093225/fold_1/checkpoints/best-06-0.6859.ckpt",
  "monitor": "val_kappa",
  "patience": 30,
  "log_dir": "result/Resnet34_hybrid_20260204-093225/fold_1/",
  "in_channels": 1,
  "nb_classes": 4,
  "nb_filters": 32,
  "depth": 6,
  "kernel_size": 41,
  "bottleneck_size": 32,
  "use_residual": true,
  "use_bottleneck": true,
  "lr": 0.0001,
  "average": "macro",
  "standardize": true,
  "use_weighted_sampler": false,
  "seed": 42,
  "precision": "32",
  "fold": 1,
  "all_metrics_test": {
    "fold": 1,
    "test_f1": 0.42727550864219666,
    "test_loss": 131.4989471435547,
    "test_precision": 0.4679764211177826,
    "test_recall": 0.4346522092819214,
    "test_accuracy": 0.5297619104385376,
    "test_balanced_acc": 0.4346522092819214,
    "test_kappa": 0.5479428172111511,
    "log_dir": "result/Resnet34_hybrid_20260204-093225/fold_1/",
    "best_ckpt": "result/Resnet34_hybrid_20260204-093225/fold_1/checkpoints/best-06-0.6859.ckpt"
  }
}