{
  "best_ckpt": "result/Resnet34_hybrid_20260203-015349/fold_3/checkpoints/best-89-0.4396.ckpt",
  "monitor": "val_f1",
  "patience": 30,
  "log_dir": "result/Resnet34_hybrid_20260203-015349/fold_3/",
  "in_channels": 1,
  "nb_classes": 4,
  "nb_filters": 32,
  "depth": 6,
  "kernel_size": 41,
  "bottleneck_size": 32,
  "use_residual": true,
  "use_bottleneck": true,
  "lr": 0.0001,
  "average": "macro",
  "standardize": true,
  "use_weighted_sampler": false,
  "seed": 42,
  "precision": "32",
  "fold": 3,
  "all_metrics_test": {
    "fold": 3,
    "test_f1": 0.3534652888774872,
    "test_loss": 138.09765625,
    "test_precision": 0.34935322403907776,
    "test_recall": 0.38013389706611633,
    "test_accuracy": 0.5543964505195618,
    "test_balanced_acc": 0.38013389706611633,
    "test_kappa": 0.5843785405158997,
    "log_dir": "result/Resnet34_hybrid_20260203-015349/fold_3/",
    "best_ckpt": "result/Resnet34_hybrid_20260203-015349/fold_3/checkpoints/best-89-0.4396.ckpt"
  }
}