{
  "test_f1": {
    "mean": 0.43248780965805056,
    "std": 0.03521056134359654,
    "mean_std": "0.4325 \u00b1 0.0352"
  },
  "test_precision": {
    "mean": 0.4442496359348297,
    "std": 0.030807681416912765,
    "mean_std": "0.4442 \u00b1 0.0308"
  },
  "test_recall": {
    "mean": 0.43939889669418336,
    "std": 0.03031030670965168,
    "mean_std": "0.4394 \u00b1 0.0303"
  },
  "test_accuracy": {
    "mean": 0.6159154057502747,
    "std": 0.03637904563328801,
    "mean_std": "0.6159 \u00b1 0.0364"
  },
  "test_balanced_acc": {
    "mean": 0.43939889669418336,
    "std": 0.03031030670965168,
    "mean_std": "0.4394 \u00b1 0.0303"
  },
  "test_kappa": {
    "mean": 0.5723111152648925,
    "std": 0.056438061860342954,
    "mean_std": "0.5723 \u00b1 0.0564"
  },
  "test_loss": {
    "mean": 0.5914620935916901,
    "std": 0.2505108915283678,
    "mean_std": "0.5915 \u00b1 0.2505"
  }
}