{
  "test_f1": {
    "mean": 0.3957488775253296,
    "std": 0.0380202764991989,
    "mean_std": "0.3957 \u00b1 0.0380"
  },
  "test_precision": {
    "mean": 0.4337459206581116,
    "std": 0.07037964285409329,
    "mean_std": "0.4337 \u00b1 0.0704"
  },
  "test_recall": {
    "mean": 0.40672107338905333,
    "std": 0.03187457631677004,
    "mean_std": "0.4067 \u00b1 0.0319"
  },
  "test_accuracy": {
    "mean": 0.5440888404846191,
    "std": 0.056963938170824645,
    "mean_std": "0.5441 \u00b1 0.0570"
  },
  "test_balanced_acc": {
    "mean": 0.40672107338905333,
    "std": 0.03187457631677004,
    "mean_std": "0.4067 \u00b1 0.0319"
  },
  "test_kappa": {
    "mean": 0.5133620619773864,
    "std": 0.05524434560120857,
    "mean_std": "0.5134 \u00b1 0.0552"
  },
  "test_loss": {
    "mean": 141.40369567871093,
    "std": 12.611686700109598,
    "mean_std": "141.4037 \u00b1 12.6117"
  }
}