{
  "test_f1": {
    "mean": 0.38597986102104187,
    "std": 0.0,
    "mean_std": "0.3860 \u00b1 0.0000"
  },
  "test_precision": {
    "mean": 0.37772226333618164,
    "std": 0.0,
    "mean_std": "0.3777 \u00b1 0.0000"
  },
  "test_recall": {
    "mean": 0.40306347608566284,
    "std": 0.0,
    "mean_std": "0.4031 \u00b1 0.0000"
  },
  "test_accuracy": {
    "mean": 0.5976154804229736,
    "std": 0.0,
    "mean_std": "0.5976 \u00b1 0.0000"
  },
  "test_balanced_acc": {
    "mean": 0.40306347608566284,
    "std": 0.0,
    "mean_std": "0.4031 \u00b1 0.0000"
  },
  "test_kappa": {
    "mean": 0.5020442008972168,
    "std": 0.0,
    "mean_std": "0.5020 \u00b1 0.0000"
  },
  "test_loss": {
    "mean": 165.20245361328125,
    "std": 0.0,
    "mean_std": "165.2025 \u00b1 0.0000"
  }
}