{
  "best_ckpt": "result/Resnet34_coral\\Resnet34_coral_20260210-160027\\fold_5\\checkpoints\\best-21-0.5696.ckpt",
  "monitor": "val_kappa",
  "patience": 30,
  "log_dir": "result/Resnet34_coral\\Resnet34_coral_20260210-160027\\fold_5\\",
  "in_channels": 1,
  "nb_classes": 4,
  "nb_filters": 32,
  "depth": 6,
  "kernel_size": 41,
  "bottleneck_size": 32,
  "use_residual": true,
  "use_bottleneck": true,
  "lr": 0.0001,
  "average": "macro",
  "standardize": true,
  "use_weighted_sampler": false,
  "seed": 42,
  "precision": "32",
  "fold": 5,
  "optimal_threshold": 0.5000000000000001,
  "all_metrics_test": {
    "fold": 5,
    "test_f1": 0.43295061588287354,
    "test_loss": 0.13362321257591248,
    "test_precision": 0.4340420067310333,
    "test_recall": 0.4442615211009979,
    "test_accuracy": 0.6030534505844116,
    "test_balanced_acc": 0.4442615211009979,
    "test_kappa": 0.6253679990768433,
    "log_dir": "result/Resnet34_coral\\Resnet34_coral_20260210-160027\\fold_5\\",
    "best_ckpt": "result/Resnet34_coral\\Resnet34_coral_20260210-160027\\fold_5\\checkpoints\\best-21-0.5696.ckpt"
  }
}