{
  "test_f1": {
    "mean": 0.40051945447921755,
    "std": 0.011190096420261746,
    "mean_std": "0.4005 \u00b1 0.0112"
  },
  "test_precision": {
    "mean": 0.42963931560516355,
    "std": 0.03420992757599636,
    "mean_std": "0.4296 \u00b1 0.0342"
  },
  "test_recall": {
    "mean": 0.41474507451057435,
    "std": 0.011373703034889611,
    "mean_std": "0.4147 \u00b1 0.0114"
  },
  "test_accuracy": {
    "mean": 0.5262358009815216,
    "std": 0.04586825125438634,
    "mean_std": "0.5262 \u00b1 0.0459"
  },
  "test_balanced_acc": {
    "mean": 0.41474507451057435,
    "std": 0.011373703034889611,
    "mean_std": "0.4147 \u00b1 0.0114"
  },
  "test_kappa": {
    "mean": 0.5494240164756775,
    "std": 0.026703479831660156,
    "mean_std": "0.5494 \u00b1 0.0267"
  },
  "test_loss": {
    "mean": 131.3790298461914,
    "std": 14.976513064970634,
    "mean_std": "131.3790 \u00b1 14.9765"
  }
}