{
  "best_ckpt": "result/Resnet34_FocalCos_20260204-024221/fold_4/checkpoints/best-14-0.5077.ckpt",
  "monitor": "val_f1",
  "patience": 30,
  "log_dir": "result/Resnet34_FocalCos_20260204-024221/fold_4/",
  "in_channels": 1,
  "nb_classes": 4,
  "nb_filters": 32,
  "depth": 6,
  "kernel_size": 41,
  "bottleneck_size": 32,
  "use_residual": true,
  "use_bottleneck": true,
  "lr": 0.0001,
  "average": "macro",
  "standardize": true,
  "use_weighted_sampler": false,
  "seed": 42,
  "precision": "32",
  "fold": 4,
  "all_metrics_test": {
    "fold": 4,
    "test_f1": 0.4579216241836548,
    "test_loss": 0.9008746147155762,
    "test_precision": 0.45621374249458313,
    "test_recall": 0.47893157601356506,
    "test_accuracy": 0.5820895433425903,
    "test_balanced_acc": 0.47893157601356506,
    "test_kappa": 0.5372982025146484,
    "log_dir": "result/Resnet34_FocalCos_20260204-024221/fold_4/",
    "best_ckpt": "result/Resnet34_FocalCos_20260204-024221/fold_4/checkpoints/best-14-0.5077.ckpt"
  }
}