{
  "best_ckpt": "result/Resnet34_hybrid_20260203-001734/fold_1/checkpoints/best-28-0.4728.ckpt",
  "monitor": "val_f1",
  "patience": 30,
  "log_dir": "result/Resnet34_hybrid_20260203-001734/fold_1/",
  "in_channels": 1,
  "nb_classes": 4,
  "nb_filters": 32,
  "depth": 6,
  "kernel_size": 41,
  "bottleneck_size": 32,
  "use_residual": true,
  "use_bottleneck": true,
  "lr": 0.0001,
  "average": "macro",
  "standardize": true,
  "use_weighted_sampler": false,
  "seed": 42,
  "precision": "32",
  "fold": 1,
  "all_metrics_test": {
    "fold": 1,
    "test_f1": 0.43738338351249695,
    "test_loss": 122.24742126464844,
    "test_precision": 0.4898831248283386,
    "test_recall": 0.43939927220344543,
    "test_accuracy": 0.5342261791229248,
    "test_balanced_acc": 0.43939927220344543,
    "test_kappa": 0.5356151461601257,
    "log_dir": "result/Resnet34_hybrid_20260203-001734/fold_1/",
    "best_ckpt": "result/Resnet34_hybrid_20260203-001734/fold_1/checkpoints/best-28-0.4728.ckpt"
  }
}