{
  "test_f1": {
    "mean": 0.40225946307182314,
    "std": 0.020626158818981177,
    "mean_std": "0.4023 \u00b1 0.0206"
  },
  "test_precision": {
    "mean": 0.42304391264915464,
    "std": 0.026529521136370193,
    "mean_std": "0.4230 \u00b1 0.0265"
  },
  "test_recall": {
    "mean": 0.41436080932617186,
    "std": 0.02268633910173844,
    "mean_std": "0.4144 \u00b1 0.0227"
  },
  "test_accuracy": {
    "mean": 0.5783763587474823,
    "std": 0.06761731261839164,
    "mean_std": "0.5784 \u00b1 0.0676"
  },
  "test_balanced_acc": {
    "mean": 0.41436080932617186,
    "std": 0.02268633910173844,
    "mean_std": "0.4144 \u00b1 0.0227"
  },
  "test_kappa": {
    "mean": 0.5591497659683228,
    "std": 0.037805405027134704,
    "mean_std": "0.5591 \u00b1 0.0378"
  },
  "test_loss": {
    "mean": 128.64508209228515,
    "std": 5.994924140604472,
    "mean_std": "128.6451 \u00b1 5.9949"
  }
}