{
  "best_ckpt": "result/Coral_bmi_sex/Resnet34_coral_20260207-113042/fold_1/checkpoints/best-27-0.6978.ckpt",
  "monitor": "val_kappa",
  "patience": 30,
  "log_dir": "result/Coral_bmi_sex/Resnet34_coral_20260207-113042/fold_1/",
  "in_channels": 1,
  "nb_classes": 4,
  "nb_filters": 32,
  "depth": 6,
  "kernel_size": 41,
  "bottleneck_size": 32,
  "use_residual": true,
  "use_bottleneck": true,
  "lr": 0.0001,
  "average": "macro",
  "standardize": true,
  "use_weighted_sampler": false,
  "seed": 42,
  "precision": "32",
  "fold": 1,
  "optimal_threshold": 0.5000000000000001,
  "all_metrics_test": {
    "fold": 1,
    "test_f1": 0.41672807931900024,
    "test_loss": 0.14447814226150513,
    "test_precision": 0.4415600895881653,
    "test_recall": 0.42737099528312683,
    "test_accuracy": 0.5773809552192688,
    "test_balanced_acc": 0.42737099528312683,
    "test_kappa": 0.562455952167511,
    "log_dir": "result/Coral_bmi_sex/Resnet34_coral_20260207-113042/fold_1/",
    "best_ckpt": "result/Coral_bmi_sex/Resnet34_coral_20260207-113042/fold_1/checkpoints/best-27-0.6978.ckpt"
  }
}