{
  "best_ckpt": "result/hybrid/Resnet34_hybrid_20260207-034222/fold_2/checkpoints/best-24-0.5248.ckpt",
  "monitor": "val_kappa",
  "patience": 30,
  "log_dir": "result/hybrid/Resnet34_hybrid_20260207-034222/fold_2/",
  "in_channels": 1,
  "nb_classes": 4,
  "nb_filters": 32,
  "depth": 6,
  "kernel_size": 41,
  "bottleneck_size": 32,
  "use_residual": true,
  "use_bottleneck": true,
  "lr": 0.0001,
  "average": "macro",
  "standardize": true,
  "use_weighted_sampler": false,
  "seed": 42,
  "precision": "32",
  "fold": 2,
  "all_metrics_test": {
    "fold": 2,
    "test_f1": 0.4317167103290558,
    "test_loss": 130.14735412597656,
    "test_precision": 0.45422622561454773,
    "test_recall": 0.44096100330352783,
    "test_accuracy": 0.6095380187034607,
    "test_balanced_acc": 0.44096100330352783,
    "test_kappa": 0.6130520701408386,
    "log_dir": "result/hybrid/Resnet34_hybrid_20260207-034222/fold_2/",
    "best_ckpt": "result/hybrid/Resnet34_hybrid_20260207-034222/fold_2/checkpoints/best-24-0.5248.ckpt"
  }
}