{
  "test_f1": {
    "mean": 0.39864301681518555,
    "std": 0.0,
    "mean_std": "0.3986 \u00b1 0.0000"
  },
  "test_precision": {
    "mean": 0.40522506833076477,
    "std": 0.0,
    "mean_std": "0.4052 \u00b1 0.0000"
  },
  "test_recall": {
    "mean": 0.40797966718673706,
    "std": 0.0,
    "mean_std": "0.4080 \u00b1 0.0000"
  },
  "test_accuracy": {
    "mean": 0.5758928656578064,
    "std": 0.0,
    "mean_std": "0.5759 \u00b1 0.0000"
  },
  "test_balanced_acc": {
    "mean": 0.40797966718673706,
    "std": 0.0,
    "mean_std": "0.4080 \u00b1 0.0000"
  },
  "test_kappa": {
    "mean": 0.5489007234573364,
    "std": 0.0,
    "mean_std": "0.5489 \u00b1 0.0000"
  },
  "test_loss": {
    "mean": 141.76119995117188,
    "std": 0.0,
    "mean_std": "141.7612 \u00b1 0.0000"
  }
}