{
  "best_ckpt": "result/hybrid_bmi/Resnet34_hybrid_20260206-174035/fold_2/checkpoints/best-31-0.5780.ckpt",
  "monitor": "val_kappa",
  "patience": 30,
  "log_dir": "result/hybrid_bmi/Resnet34_hybrid_20260206-174035/fold_2/",
  "in_channels": 1,
  "nb_classes": 4,
  "nb_filters": 32,
  "depth": 6,
  "kernel_size": 41,
  "bottleneck_size": 32,
  "use_residual": true,
  "use_bottleneck": true,
  "lr": 0.0001,
  "average": "macro",
  "standardize": true,
  "use_weighted_sampler": false,
  "seed": 42,
  "precision": "32",
  "fold": 2,
  "all_metrics_test": {
    "fold": 2,
    "test_f1": 0.44363608956336975,
    "test_loss": 120.58895111083984,
    "test_precision": 0.44452786445617676,
    "test_recall": 0.4532720744609833,
    "test_accuracy": 0.6304023861885071,
    "test_balanced_acc": 0.4532720744609833,
    "test_kappa": 0.6155596971511841,
    "log_dir": "result/hybrid_bmi/Resnet34_hybrid_20260206-174035/fold_2/",
    "best_ckpt": "result/hybrid_bmi/Resnet34_hybrid_20260206-174035/fold_2/checkpoints/best-31-0.5780.ckpt"
  }
}