{
  "test_f1": {
    "mean": 0.4002305865287781,
    "std": 0.0,
    "mean_std": "0.4002 \u00b1 0.0000"
  },
  "test_precision": {
    "mean": 0.45815593004226685,
    "std": 0.0,
    "mean_std": "0.4582 \u00b1 0.0000"
  },
  "test_recall": {
    "mean": 0.3790864050388336,
    "std": 0.0,
    "mean_std": "0.3791 \u00b1 0.0000"
  },
  "test_accuracy": {
    "mean": 0.628912091255188,
    "std": 0.0,
    "mean_std": "0.6289 \u00b1 0.0000"
  },
  "test_balanced_acc": {
    "mean": 0.3790864050388336,
    "std": 0.0,
    "mean_std": "0.3791 \u00b1 0.0000"
  },
  "test_kappa": {
    "mean": 0.5191971659660339,
    "std": 0.0,
    "mean_std": "0.5192 \u00b1 0.0000"
  },
  "test_loss": {
    "mean": 130.00755310058594,
    "std": 0.0,
    "mean_std": "130.0076 \u00b1 0.0000"
  }
}