{
  "best_ckpt": "result/Resnet34_hybrid_20260204-121218/fold_2/checkpoints/best-34-0.5995.ckpt",
  "monitor": "val_kappa",
  "patience": 30,
  "log_dir": "result/Resnet34_hybrid_20260204-121218/fold_2/",
  "in_channels": 1,
  "nb_classes": 4,
  "nb_filters": 32,
  "depth": 6,
  "kernel_size": 41,
  "bottleneck_size": 32,
  "use_residual": true,
  "use_bottleneck": true,
  "lr": 0.0001,
  "average": "macro",
  "standardize": true,
  "use_weighted_sampler": false,
  "seed": 42,
  "precision": "32",
  "fold": 2,
  "all_metrics_test": {
    "fold": 2,
    "test_f1": 0.45721757411956787,
    "test_loss": 121.11299896240234,
    "test_precision": 0.474038302898407,
    "test_recall": 0.47327643632888794,
    "test_accuracy": 0.5812220573425293,
    "test_balanced_acc": 0.47327643632888794,
    "test_kappa": 0.6294519901275635,
    "log_dir": "result/Resnet34_hybrid_20260204-121218/fold_2/",
    "best_ckpt": "result/Resnet34_hybrid_20260204-121218/fold_2/checkpoints/best-34-0.5995.ckpt"
  }
}