{
  "best_ckpt": "result/Resnet34_hybrid_20260203-001734/fold_5/checkpoints/best-18-0.4770.ckpt",
  "monitor": "val_f1",
  "patience": 30,
  "log_dir": "result/Resnet34_hybrid_20260203-001734/fold_5/",
  "in_channels": 1,
  "nb_classes": 4,
  "nb_filters": 32,
  "depth": 6,
  "kernel_size": 41,
  "bottleneck_size": 32,
  "use_residual": true,
  "use_bottleneck": true,
  "lr": 0.0001,
  "average": "macro",
  "standardize": true,
  "use_weighted_sampler": false,
  "seed": 42,
  "precision": "32",
  "fold": 5,
  "all_metrics_test": {
    "fold": 5,
    "test_f1": 0.36958518624305725,
    "test_loss": 154.30418395996094,
    "test_precision": 0.4002299904823303,
    "test_recall": 0.3721369504928589,
    "test_accuracy": 0.5014880895614624,
    "test_balanced_acc": 0.3721369504928589,
    "test_kappa": 0.4379919469356537,
    "log_dir": "result/Resnet34_hybrid_20260203-001734/fold_5/",
    "best_ckpt": "result/Resnet34_hybrid_20260203-001734/fold_5/checkpoints/best-18-0.4770.ckpt"
  }
}