{
  "best_ckpt": "result/Resnet34_FocalCos_20260204-084825/fold_3/checkpoints/best-20-0.6714.ckpt",
  "monitor": "val_kappa",
  "patience": 30,
  "log_dir": "result/Resnet34_FocalCos_20260204-084825/fold_3/",
  "in_channels": 1,
  "nb_classes": 4,
  "nb_filters": 32,
  "depth": 6,
  "kernel_size": 41,
  "bottleneck_size": 32,
  "use_residual": true,
  "use_bottleneck": true,
  "lr": 0.0001,
  "average": "macro",
  "standardize": true,
  "use_weighted_sampler": false,
  "seed": 42,
  "precision": "32",
  "fold": 3,
  "all_metrics_test": {
    "fold": 3,
    "test_f1": 0.4650760591030121,
    "test_loss": 0.5696518421173096,
    "test_precision": 0.47411802411079407,
    "test_recall": 0.45837023854255676,
    "test_accuracy": 0.6512667536735535,
    "test_balanced_acc": 0.45837023854255676,
    "test_kappa": 0.6581465005874634,
    "log_dir": "result/Resnet34_FocalCos_20260204-084825/fold_3/",
    "best_ckpt": "result/Resnet34_FocalCos_20260204-084825/fold_3/checkpoints/best-20-0.6714.ckpt"
  }
}