{
  "test_f1": {
    "mean": 0.38299649953842163,
    "std": 0.0,
    "mean_std": "0.3830 \u00b1 0.0000"
  },
  "test_precision": {
    "mean": 0.39680176973342896,
    "std": 0.0,
    "mean_std": "0.3968 \u00b1 0.0000"
  },
  "test_recall": {
    "mean": 0.38863348960876465,
    "std": 0.0,
    "mean_std": "0.3886 \u00b1 0.0000"
  },
  "test_accuracy": {
    "mean": 0.6264880895614624,
    "std": 0.0,
    "mean_std": "0.6265 \u00b1 0.0000"
  },
  "test_balanced_acc": {
    "mean": 0.38863348960876465,
    "std": 0.0,
    "mean_std": "0.3886 \u00b1 0.0000"
  },
  "test_kappa": {
    "mean": 0.5728726983070374,
    "std": 0.0,
    "mean_std": "0.5729 \u00b1 0.0000"
  },
  "test_loss": {
    "mean": 130.2115478515625,
    "std": 0.0,
    "mean_std": "130.2115 \u00b1 0.0000"
  }
}