{
  "test_f1": {
    "mean": 0.429381662607193,
    "std": 0.04831083905092418,
    "mean_std": "0.4294 \u00b1 0.0483"
  },
  "test_precision": {
    "mean": 0.4406393587589264,
    "std": 0.045317019535893656,
    "mean_std": "0.4406 \u00b1 0.0453"
  },
  "test_recall": {
    "mean": 0.4373781383037567,
    "std": 0.041854771847057604,
    "mean_std": "0.4374 \u00b1 0.0419"
  },
  "test_accuracy": {
    "mean": 0.6033798575401306,
    "std": 0.051693614851988125,
    "mean_std": "0.6034 \u00b1 0.0517"
  },
  "test_balanced_acc": {
    "mean": 0.4373781383037567,
    "std": 0.041854771847057604,
    "mean_std": "0.4374 \u00b1 0.0419"
  },
  "test_kappa": {
    "mean": 0.5575062870979309,
    "std": 0.06497013519979386,
    "mean_std": "0.5575 \u00b1 0.0650"
  },
  "test_loss": {
    "mean": 0.518571424484253,
    "std": 0.21843966872228118,
    "mean_std": "0.5186 \u00b1 0.2184"
  }
}