{
  "best_ckpt": "result/hybrid/Resnet34_hybrid_20260207-034222/fold_3/checkpoints/best-04-0.5746.ckpt",
  "monitor": "val_kappa",
  "patience": 30,
  "log_dir": "result/hybrid/Resnet34_hybrid_20260207-034222/fold_3/",
  "in_channels": 1,
  "nb_classes": 4,
  "nb_filters": 32,
  "depth": 6,
  "kernel_size": 41,
  "bottleneck_size": 32,
  "use_residual": true,
  "use_bottleneck": true,
  "lr": 0.0001,
  "average": "macro",
  "standardize": true,
  "use_weighted_sampler": false,
  "seed": 42,
  "precision": "32",
  "fold": 3,
  "all_metrics_test": {
    "fold": 3,
    "test_f1": 0.38590267300605774,
    "test_loss": 121.76229858398438,
    "test_precision": 0.42857590317726135,
    "test_recall": 0.42425212264060974,
    "test_accuracy": 0.5260804891586304,
    "test_balanced_acc": 0.42425212264060974,
    "test_kappa": 0.5751630663871765,
    "log_dir": "result/hybrid/Resnet34_hybrid_20260207-034222/fold_3/",
    "best_ckpt": "result/hybrid/Resnet34_hybrid_20260207-034222/fold_3/checkpoints/best-04-0.5746.ckpt"
  }
}