{
  "best_ckpt": "result/Coral_bmi/Resnet34_coral_20260207-122839/fold_3/checkpoints/best-14-0.6418.ckpt",
  "monitor": "val_kappa",
  "patience": 30,
  "log_dir": "result/Coral_bmi/Resnet34_coral_20260207-122839/fold_3/",
  "in_channels": 1,
  "nb_classes": 4,
  "nb_filters": 32,
  "depth": 6,
  "kernel_size": 41,
  "bottleneck_size": 32,
  "use_residual": true,
  "use_bottleneck": true,
  "lr": 0.0001,
  "average": "macro",
  "standardize": true,
  "use_weighted_sampler": false,
  "seed": 42,
  "precision": "32",
  "fold": 3,
  "optimal_threshold": 0.5000000000000001,
  "all_metrics_test": {
    "fold": 3,
    "test_f1": 0.5079379677772522,
    "test_loss": 0.10685853660106659,
    "test_precision": 0.540450930595398,
    "test_recall": 0.5403187870979309,
    "test_accuracy": 0.5856930017471313,
    "test_balanced_acc": 0.5403187870979309,
    "test_kappa": 0.6568918228149414,
    "log_dir": "result/Coral_bmi/Resnet34_coral_20260207-122839/fold_3/",
    "best_ckpt": "result/Coral_bmi/Resnet34_coral_20260207-122839/fold_3/checkpoints/best-14-0.6418.ckpt"
  }
}