{
  "best_ckpt": "result/Resnet34_FocalCos_20260204-040007/fold_5/checkpoints/best-19-0.5114.ckpt",
  "monitor": "val_f1",
  "patience": 30,
  "log_dir": "result/Resnet34_FocalCos_20260204-040007/fold_5/",
  "in_channels": 1,
  "nb_classes": 4,
  "nb_filters": 32,
  "depth": 6,
  "kernel_size": 41,
  "bottleneck_size": 32,
  "use_residual": true,
  "use_bottleneck": true,
  "lr": 0.0001,
  "average": "macro",
  "standardize": true,
  "use_weighted_sampler": false,
  "seed": 42,
  "precision": "32",
  "fold": 5,
  "all_metrics_test": {
    "fold": 5,
    "test_f1": 0.40871378779411316,
    "test_loss": 0.7250586748123169,
    "test_precision": 0.4599442183971405,
    "test_recall": 0.42424672842025757,
    "test_accuracy": 0.543154776096344,
    "test_balanced_acc": 0.42424672842025757,
    "test_kappa": 0.5136225819587708,
    "log_dir": "result/Resnet34_FocalCos_20260204-040007/fold_5/",
    "best_ckpt": "result/Resnet34_FocalCos_20260204-040007/fold_5/checkpoints/best-19-0.5114.ckpt"
  }
}