{
  "test_f1": {
    "mean": 0.42493849992752075,
    "std": 0.021577605361508056,
    "mean_std": "0.4249 \u00b1 0.0216"
  },
  "test_precision": {
    "mean": 0.44549199342727663,
    "std": 0.01466569885596551,
    "mean_std": "0.4455 \u00b1 0.0147"
  },
  "test_recall": {
    "mean": 0.42211002111434937,
    "std": 0.02313163330335694,
    "mean_std": "0.4221 \u00b1 0.0231"
  },
  "test_accuracy": {
    "mean": 0.5938399195671081,
    "std": 0.02364520300536304,
    "mean_std": "0.5938 \u00b1 0.0236"
  },
  "test_balanced_acc": {
    "mean": 0.42211002111434937,
    "std": 0.02313163330335694,
    "mean_std": "0.4221 \u00b1 0.0231"
  },
  "test_kappa": {
    "mean": 0.5877372980117798,
    "std": 0.02607757502663657,
    "mean_std": "0.5877 \u00b1 0.0261"
  },
  "test_loss": {
    "mean": 0.12222599387168884,
    "std": 0.012294429682837657,
    "mean_std": "0.1222 \u00b1 0.0123"
  }
}