{
  "best_ckpt": "result/Resnet34_FocalCos_20260204-081853/fold_1/checkpoints/best-24-0.6855.ckpt",
  "monitor": "val_kappa",
  "patience": 30,
  "log_dir": "result/Resnet34_FocalCos_20260204-081853/fold_1/",
  "in_channels": 1,
  "nb_classes": 4,
  "nb_filters": 32,
  "depth": 6,
  "kernel_size": 41,
  "bottleneck_size": 32,
  "use_residual": true,
  "use_bottleneck": true,
  "lr": 0.0001,
  "average": "macro",
  "standardize": true,
  "use_weighted_sampler": false,
  "seed": 42,
  "precision": "32",
  "fold": 1,
  "all_metrics_test": {
    "fold": 1,
    "test_f1": 0.44951575994491577,
    "test_loss": 0.650104820728302,
    "test_precision": 0.5014637112617493,
    "test_recall": 0.4349161684513092,
    "test_accuracy": 0.5773809552192688,
    "test_balanced_acc": 0.4349161684513092,
    "test_kappa": 0.5475522875785828,
    "log_dir": "result/Resnet34_FocalCos_20260204-081853/fold_1/",
    "best_ckpt": "result/Resnet34_FocalCos_20260204-081853/fold_1/checkpoints/best-24-0.6855.ckpt"
  }
}