{
  "best_ckpt": "result/hybrid_sex/Resnet34_hybrid_20260206-182946/fold_5/checkpoints/best-26-0.6665.ckpt",
  "monitor": "val_kappa",
  "patience": 30,
  "log_dir": "result/hybrid_sex/Resnet34_hybrid_20260206-182946/fold_5/",
  "in_channels": 1,
  "nb_classes": 4,
  "nb_filters": 32,
  "depth": 6,
  "kernel_size": 41,
  "bottleneck_size": 32,
  "use_residual": true,
  "use_bottleneck": true,
  "lr": 0.0001,
  "average": "macro",
  "standardize": true,
  "use_weighted_sampler": false,
  "seed": 42,
  "precision": "32",
  "fold": 5,
  "all_metrics_test": {
    "fold": 5,
    "test_f1": 0.4233945608139038,
    "test_loss": 123.44684600830078,
    "test_precision": 0.42669519782066345,
    "test_recall": 0.43064960837364197,
    "test_accuracy": 0.6086309552192688,
    "test_balanced_acc": 0.43064960837364197,
    "test_kappa": 0.5359638333320618,
    "log_dir": "result/hybrid_sex/Resnet34_hybrid_20260206-182946/fold_5/",
    "best_ckpt": "result/hybrid_sex/Resnet34_hybrid_20260206-182946/fold_5/checkpoints/best-26-0.6665.ckpt"
  }
}