{
  "best_ckpt": "result/Resnet34_FocalCos_20260204-040007/fold_2/checkpoints/best-10-0.4306.ckpt",
  "monitor": "val_f1",
  "patience": 30,
  "log_dir": "result/Resnet34_FocalCos_20260204-040007/fold_2/",
  "in_channels": 1,
  "nb_classes": 4,
  "nb_filters": 32,
  "depth": 6,
  "kernel_size": 41,
  "bottleneck_size": 32,
  "use_residual": true,
  "use_bottleneck": true,
  "lr": 0.0001,
  "average": "macro",
  "standardize": true,
  "use_weighted_sampler": false,
  "seed": 42,
  "precision": "32",
  "fold": 2,
  "all_metrics_test": {
    "fold": 2,
    "test_f1": 0.4273148775100708,
    "test_loss": 0.8922421932220459,
    "test_precision": 0.42391836643218994,
    "test_recall": 0.45779144763946533,
    "test_accuracy": 0.5484351515769958,
    "test_balanced_acc": 0.45779144763946533,
    "test_kappa": 0.5771584510803223,
    "log_dir": "result/Resnet34_FocalCos_20260204-040007/fold_2/",
    "best_ckpt": "result/Resnet34_FocalCos_20260204-040007/fold_2/checkpoints/best-10-0.4306.ckpt"
  }
}