{
  "test_f1": {
    "mean": 0.43144644498825074,
    "std": 0.024656233856050522,
    "mean_std": "0.4314 \u00b1 0.0247"
  },
  "test_precision": {
    "mean": 0.445855051279068,
    "std": 0.022944818205228232,
    "mean_std": "0.4459 \u00b1 0.0229"
  },
  "test_recall": {
    "mean": 0.43619505167007444,
    "std": 0.02059153393336896,
    "mean_std": "0.4362 \u00b1 0.0206"
  },
  "test_accuracy": {
    "mean": 0.6188938021659851,
    "std": 0.01934757181144652,
    "mean_std": "0.6189 \u00b1 0.0193"
  },
  "test_balanced_acc": {
    "mean": 0.43619505167007444,
    "std": 0.02059153393336896,
    "mean_std": "0.4362 \u00b1 0.0206"
  },
  "test_kappa": {
    "mean": 0.6023111581802368,
    "std": 0.04878952978081447,
    "mean_std": "0.6023 \u00b1 0.0488"
  },
  "test_loss": {
    "mean": 0.5559457778930664,
    "std": 0.11871127027884239,
    "mean_std": "0.5559 \u00b1 0.1187"
  }
}