{
  "best_ckpt": "result/Resnet34_hybrid_20260203-024903/fold_2/checkpoints/best-20-0.4303.ckpt",
  "monitor": "val_f1",
  "patience": 30,
  "log_dir": "result/Resnet34_hybrid_20260203-024903/fold_2/",
  "in_channels": 1,
  "nb_classes": 4,
  "nb_filters": 32,
  "depth": 6,
  "kernel_size": 41,
  "bottleneck_size": 32,
  "use_residual": true,
  "use_bottleneck": true,
  "lr": 0.0001,
  "average": "macro",
  "standardize": true,
  "use_weighted_sampler": false,
  "seed": 42,
  "precision": "32",
  "fold": 2,
  "all_metrics_test": {
    "fold": 2,
    "test_f1": 0.4165200889110565,
    "test_loss": 132.74090576171875,
    "test_precision": 0.4490079879760742,
    "test_recall": 0.4294259250164032,
    "test_accuracy": 0.4858420193195343,
    "test_balanced_acc": 0.4294259250164032,
    "test_kappa": 0.5615144968032837,
    "log_dir": "result/Resnet34_hybrid_20260203-024903/fold_2/",
    "best_ckpt": "result/Resnet34_hybrid_20260203-024903/fold_2/checkpoints/best-20-0.4303.ckpt"
  }
}