{
  "best_ckpt": "result/Resnet34_hybrid_20260204-080421/fold_4/checkpoints/best-09-0.6340.ckpt",
  "monitor": "val_kappa",
  "patience": 30,
  "log_dir": "result/Resnet34_hybrid_20260204-080421/fold_4/",
  "in_channels": 1,
  "nb_classes": 4,
  "nb_filters": 32,
  "depth": 6,
  "kernel_size": 41,
  "bottleneck_size": 32,
  "use_residual": true,
  "use_bottleneck": true,
  "lr": 0.0001,
  "average": "macro",
  "standardize": true,
  "use_weighted_sampler": false,
  "seed": 42,
  "precision": "32",
  "fold": 4,
  "all_metrics_test": {
    "fold": 4,
    "test_f1": 0.3615204393863678,
    "test_loss": 128.9256591796875,
    "test_precision": 0.39986154437065125,
    "test_recall": 0.3437453508377075,
    "test_accuracy": 0.5268656611442566,
    "test_balanced_acc": 0.3437453508377075,
    "test_kappa": 0.5522200465202332,
    "log_dir": "result/Resnet34_hybrid_20260204-080421/fold_4/",
    "best_ckpt": "result/Resnet34_hybrid_20260204-080421/fold_4/checkpoints/best-09-0.6340.ckpt"
  }
}