{
  "best_ckpt": "result/Resnet34_FocalCos_20260204-024221/fold_3/checkpoints/best-27-0.4874.ckpt",
  "monitor": "val_f1",
  "patience": 30,
  "log_dir": "result/Resnet34_FocalCos_20260204-024221/fold_3/",
  "in_channels": 1,
  "nb_classes": 4,
  "nb_filters": 32,
  "depth": 6,
  "kernel_size": 41,
  "bottleneck_size": 32,
  "use_residual": true,
  "use_bottleneck": true,
  "lr": 0.0001,
  "average": "macro",
  "standardize": true,
  "use_weighted_sampler": false,
  "seed": 42,
  "precision": "32",
  "fold": 3,
  "all_metrics_test": {
    "fold": 3,
    "test_f1": 0.41641488671302795,
    "test_loss": 0.5742408633232117,
    "test_precision": 0.46240535378456116,
    "test_recall": 0.4179035425186157,
    "test_accuracy": 0.569299578666687,
    "test_balanced_acc": 0.4179035425186157,
    "test_kappa": 0.625129759311676,
    "log_dir": "result/Resnet34_FocalCos_20260204-024221/fold_3/",
    "best_ckpt": "result/Resnet34_FocalCos_20260204-024221/fold_3/checkpoints/best-27-0.4874.ckpt"
  }
}