{
  "best_ckpt": "result/Coral_sex/Resnet34_coral_20260207-131900/fold_2/checkpoints/best-18-0.5323.ckpt",
  "monitor": "val_kappa",
  "patience": 30,
  "log_dir": "result/Coral_sex/Resnet34_coral_20260207-131900/fold_2/",
  "in_channels": 1,
  "nb_classes": 4,
  "nb_filters": 32,
  "depth": 6,
  "kernel_size": 41,
  "bottleneck_size": 32,
  "use_residual": true,
  "use_bottleneck": true,
  "lr": 0.0001,
  "average": "macro",
  "standardize": true,
  "use_weighted_sampler": false,
  "seed": 42,
  "precision": "32",
  "fold": 2,
  "optimal_threshold": 0.5000000000000001,
  "all_metrics_test": {
    "fold": 2,
    "test_f1": 0.44140708446502686,
    "test_loss": 0.10897671431303024,
    "test_precision": 0.45915132761001587,
    "test_recall": 0.4526589512825012,
    "test_accuracy": 0.5603576898574829,
    "test_balanced_acc": 0.4526589512825012,
    "test_kappa": 0.6314427256584167,
    "log_dir": "result/Coral_sex/Resnet34_coral_20260207-131900/fold_2/",
    "best_ckpt": "result/Coral_sex/Resnet34_coral_20260207-131900/fold_2/checkpoints/best-18-0.5323.ckpt"
  }
}