{
  "best_ckpt": "result/Resnet34_FocalCos_20260204-081853/fold_5/checkpoints/best-12-0.6936.ckpt",
  "monitor": "val_kappa",
  "patience": 30,
  "log_dir": "result/Resnet34_FocalCos_20260204-081853/fold_5/",
  "in_channels": 1,
  "nb_classes": 4,
  "nb_filters": 32,
  "depth": 6,
  "kernel_size": 41,
  "bottleneck_size": 32,
  "use_residual": true,
  "use_bottleneck": true,
  "lr": 0.0001,
  "average": "macro",
  "standardize": true,
  "use_weighted_sampler": false,
  "seed": 42,
  "precision": "32",
  "fold": 5,
  "all_metrics_test": {
    "fold": 5,
    "test_f1": 0.40278729796409607,
    "test_loss": 0.7192561626434326,
    "test_precision": 0.4217768907546997,
    "test_recall": 0.3995417654514313,
    "test_accuracy": 0.6071428656578064,
    "test_balanced_acc": 0.3995417654514313,
    "test_kappa": 0.5362369418144226,
    "log_dir": "result/Resnet34_FocalCos_20260204-081853/fold_5/",
    "best_ckpt": "result/Resnet34_FocalCos_20260204-081853/fold_5/checkpoints/best-12-0.6936.ckpt"
  }
}