{
  "test_f1": {
    "mean": 0.4236255884170532,
    "std": 0.04378344486243521,
    "mean_std": "0.4236 \u00b1 0.0438"
  },
  "test_precision": {
    "mean": 0.4684856593608856,
    "std": 0.02101807165111865,
    "mean_std": "0.4685 \u00b1 0.0210"
  },
  "test_recall": {
    "mean": 0.42815391421318055,
    "std": 0.04863550362192069,
    "mean_std": "0.4282 \u00b1 0.0486"
  },
  "test_accuracy": {
    "mean": 0.5840319991111755,
    "std": 0.01643457042939729,
    "mean_std": "0.5840 \u00b1 0.0164"
  },
  "test_balanced_acc": {
    "mean": 0.42815391421318055,
    "std": 0.04863550362192069,
    "mean_std": "0.4282 \u00b1 0.0486"
  },
  "test_kappa": {
    "mean": 0.5821138262748718,
    "std": 0.05497187412596205,
    "mean_std": "0.5821 \u00b1 0.0550"
  },
  "test_loss": {
    "mean": 0.11977377980947494,
    "std": 0.016061171705577474,
    "mean_std": "0.1198 \u00b1 0.0161"
  }
}