{
  "best_ckpt": "result/Resnet34_FocalCos_20260204-084825/fold_2/checkpoints/best-16-0.5818.ckpt",
  "monitor": "val_kappa",
  "patience": 30,
  "log_dir": "result/Resnet34_FocalCos_20260204-084825/fold_2/",
  "in_channels": 1,
  "nb_classes": 4,
  "nb_filters": 32,
  "depth": 6,
  "kernel_size": 41,
  "bottleneck_size": 32,
  "use_residual": true,
  "use_bottleneck": true,
  "lr": 0.0001,
  "average": "macro",
  "standardize": true,
  "use_weighted_sampler": false,
  "seed": 42,
  "precision": "32",
  "fold": 2,
  "all_metrics_test": {
    "fold": 2,
    "test_f1": 0.4333030879497528,
    "test_loss": 0.38876715302467346,
    "test_precision": 0.4386816918849945,
    "test_recall": 0.43155214190483093,
    "test_accuracy": 0.6110283136367798,
    "test_balanced_acc": 0.43155214190483093,
    "test_kappa": 0.6324771046638489,
    "log_dir": "result/Resnet34_FocalCos_20260204-084825/fold_2/",
    "best_ckpt": "result/Resnet34_FocalCos_20260204-084825/fold_2/checkpoints/best-16-0.5818.ckpt"
  }
}