{
  "best_ckpt": "result/Coral_bmi_sex/Resnet34_coral_20260207-113042/fold_4/checkpoints/best-91-0.6678.ckpt",
  "monitor": "val_kappa",
  "patience": 30,
  "log_dir": "result/Coral_bmi_sex/Resnet34_coral_20260207-113042/fold_4/",
  "in_channels": 1,
  "nb_classes": 4,
  "nb_filters": 32,
  "depth": 6,
  "kernel_size": 41,
  "bottleneck_size": 32,
  "use_residual": true,
  "use_bottleneck": true,
  "lr": 0.0001,
  "average": "macro",
  "standardize": true,
  "use_weighted_sampler": false,
  "seed": 42,
  "precision": "32",
  "fold": 4,
  "optimal_threshold": 0.5000000000000001,
  "all_metrics_test": {
    "fold": 4,
    "test_f1": 0.4239688217639923,
    "test_loss": 0.12969712913036346,
    "test_precision": 0.43168148398399353,
    "test_recall": 0.434821754693985,
    "test_accuracy": 0.5805970430374146,
    "test_balanced_acc": 0.434821754693985,
    "test_kappa": 0.5985190868377686,
    "log_dir": "result/Coral_bmi_sex/Resnet34_coral_20260207-113042/fold_4/",
    "best_ckpt": "result/Coral_bmi_sex/Resnet34_coral_20260207-113042/fold_4/checkpoints/best-91-0.6678.ckpt"
  }
}