{
  "test_f1": {
    "mean": 0.4207906126976013,
    "std": 0.0,
    "mean_std": "0.4208 \u00b1 0.0000"
  },
  "test_precision": {
    "mean": 0.4371895492076874,
    "std": 0.0,
    "mean_std": "0.4372 \u00b1 0.0000"
  },
  "test_recall": {
    "mean": 0.42957714200019836,
    "std": 0.0,
    "mean_std": "0.4296 \u00b1 0.0000"
  },
  "test_accuracy": {
    "mean": 0.566318929195404,
    "std": 0.0,
    "mean_std": "0.5663 \u00b1 0.0000"
  },
  "test_balanced_acc": {
    "mean": 0.42957714200019836,
    "std": 0.0,
    "mean_std": "0.4296 \u00b1 0.0000"
  },
  "test_kappa": {
    "mean": 0.5801929831504822,
    "std": 0.0,
    "mean_std": "0.5802 \u00b1 0.0000"
  },
  "test_loss": {
    "mean": 115.91897583007812,
    "std": 0.0,
    "mean_std": "115.9190 \u00b1 0.0000"
  }
}