{
  "test_f1": {
    "mean": 0.44506924152374266,
    "std": 0.02737853189422957,
    "mean_std": "0.4451 \u00b1 0.0274"
  },
  "test_precision": {
    "mean": 0.44389123320579527,
    "std": 0.03860233806475251,
    "mean_std": "0.4439 \u00b1 0.0386"
  },
  "test_recall": {
    "mean": 0.4615544319152832,
    "std": 0.015738251554866366,
    "mean_std": "0.4616 \u00b1 0.0157"
  },
  "test_accuracy": {
    "mean": 0.6197746872901917,
    "std": 0.03792715684435277,
    "mean_std": "0.6198 \u00b1 0.0379"
  },
  "test_balanced_acc": {
    "mean": 0.4615544319152832,
    "std": 0.015738251554866366,
    "mean_std": "0.4616 \u00b1 0.0157"
  },
  "test_kappa": {
    "mean": 0.593404757976532,
    "std": 0.03799741211327312,
    "mean_std": "0.5934 \u00b1 0.0380"
  },
  "test_loss": {
    "mean": 0.5380527347326278,
    "std": 0.2423164276438079,
    "mean_std": "0.5381 \u00b1 0.2423"
  }
}