{
  "test_f1": {
    "mean": 0.4034271836280823,
    "std": 0.0,
    "mean_std": "0.4034 \u00b1 0.0000"
  },
  "test_precision": {
    "mean": 0.39686205983161926,
    "std": 0.0,
    "mean_std": "0.3969 \u00b1 0.0000"
  },
  "test_recall": {
    "mean": 0.41974449157714844,
    "std": 0.0,
    "mean_std": "0.4197 \u00b1 0.0000"
  },
  "test_accuracy": {
    "mean": 0.5827123522758484,
    "std": 0.0,
    "mean_std": "0.5827 \u00b1 0.0000"
  },
  "test_balanced_acc": {
    "mean": 0.41974449157714844,
    "std": 0.0,
    "mean_std": "0.4197 \u00b1 0.0000"
  },
  "test_kappa": {
    "mean": 0.5551522374153137,
    "std": 0.0,
    "mean_std": "0.5552 \u00b1 0.0000"
  },
  "test_loss": {
    "mean": 138.84226989746094,
    "std": 0.0,
    "mean_std": "138.8423 \u00b1 0.0000"
  }
}