{
  "best_ckpt": "result/Resnet34_hybrid_20260203-024903/fold_1/checkpoints/best-26-0.4952.ckpt",
  "monitor": "val_f1",
  "patience": 30,
  "log_dir": "result/Resnet34_hybrid_20260203-024903/fold_1/",
  "in_channels": 1,
  "nb_classes": 4,
  "nb_filters": 32,
  "depth": 6,
  "kernel_size": 41,
  "bottleneck_size": 32,
  "use_residual": true,
  "use_bottleneck": true,
  "lr": 0.0001,
  "average": "macro",
  "standardize": true,
  "use_weighted_sampler": false,
  "seed": 42,
  "precision": "32",
  "fold": 1,
  "all_metrics_test": {
    "fold": 1,
    "test_f1": 0.40270793437957764,
    "test_loss": 118.1240005493164,
    "test_precision": 0.471209317445755,
    "test_recall": 0.4067714810371399,
    "test_accuracy": 0.5104166865348816,
    "test_balanced_acc": 0.4067714810371399,
    "test_kappa": 0.5409683585166931,
    "log_dir": "result/Resnet34_hybrid_20260203-024903/fold_1/",
    "best_ckpt": "result/Resnet34_hybrid_20260203-024903/fold_1/checkpoints/best-26-0.4952.ckpt"
  }
}