{
  "test_f1": {
    "mean": 0.4394855201244354,
    "std": 0.0,
    "mean_std": "0.4395 \u00b1 0.0000"
  },
  "test_precision": {
    "mean": 0.4888318181037903,
    "std": 0.0,
    "mean_std": "0.4888 \u00b1 0.0000"
  },
  "test_recall": {
    "mean": 0.43949252367019653,
    "std": 0.0,
    "mean_std": "0.4395 \u00b1 0.0000"
  },
  "test_accuracy": {
    "mean": 0.5484351515769958,
    "std": 0.0,
    "mean_std": "0.5484 \u00b1 0.0000"
  },
  "test_balanced_acc": {
    "mean": 0.43949252367019653,
    "std": 0.0,
    "mean_std": "0.4395 \u00b1 0.0000"
  },
  "test_kappa": {
    "mean": 0.5699080228805542,
    "std": 0.0,
    "mean_std": "0.5699 \u00b1 0.0000"
  },
  "test_loss": {
    "mean": 117.6146240234375,
    "std": 0.0,
    "mean_std": "117.6146 \u00b1 0.0000"
  }
}