{
  "best_ckpt": "result/Resnet34_FocalCos_20260204-024221/fold_5/checkpoints/best-04-0.5071.ckpt",
  "monitor": "val_f1",
  "patience": 30,
  "log_dir": "result/Resnet34_FocalCos_20260204-024221/fold_5/",
  "in_channels": 1,
  "nb_classes": 4,
  "nb_filters": 32,
  "depth": 6,
  "kernel_size": 41,
  "bottleneck_size": 32,
  "use_residual": true,
  "use_bottleneck": true,
  "lr": 0.0001,
  "average": "macro",
  "standardize": true,
  "use_weighted_sampler": false,
  "seed": 42,
  "precision": "32",
  "fold": 5,
  "all_metrics_test": {
    "fold": 5,
    "test_f1": 0.39677321910858154,
    "test_loss": 1.0068668127059937,
    "test_precision": 0.40976682305336,
    "test_recall": 0.39678797125816345,
    "test_accuracy": 0.59375,
    "test_balanced_acc": 0.39678797125816345,
    "test_kappa": 0.5166929960250854,
    "log_dir": "result/Resnet34_FocalCos_20260204-024221/fold_5/",
    "best_ckpt": "result/Resnet34_FocalCos_20260204-024221/fold_5/checkpoints/best-04-0.5071.ckpt"
  }
}