{
  "test_f1": {
    "mean": 0.4374100089073181,
    "std": 0.04459541863436748,
    "mean_std": "0.4374 \u00b1 0.0446"
  },
  "test_precision": {
    "mean": 0.4486043989658356,
    "std": 0.05254916010818007,
    "mean_std": "0.4486 \u00b1 0.0525"
  },
  "test_recall": {
    "mean": 0.4494269907474518,
    "std": 0.03940823832973832,
    "mean_std": "0.4494 \u00b1 0.0394"
  },
  "test_accuracy": {
    "mean": 0.5926660060882568,
    "std": 0.050729652185046346,
    "mean_std": "0.5927 \u00b1 0.0507"
  },
  "test_balanced_acc": {
    "mean": 0.4494269907474518,
    "std": 0.03940823832973832,
    "mean_std": "0.4494 \u00b1 0.0394"
  },
  "test_kappa": {
    "mean": 0.5825724720954895,
    "std": 0.053782784928789476,
    "mean_std": "0.5826 \u00b1 0.0538"
  },
  "test_loss": {
    "mean": 0.5275582671165466,
    "std": 0.17034036015498277,
    "mean_std": "0.5276 \u00b1 0.1703"
  }
}