{
  "best_ckpt": "result/Resnet34_FocalCos_20260204-084825/fold_4/checkpoints/best-11-0.6570.ckpt",
  "monitor": "val_kappa",
  "patience": 30,
  "log_dir": "result/Resnet34_FocalCos_20260204-084825/fold_4/",
  "in_channels": 1,
  "nb_classes": 4,
  "nb_filters": 32,
  "depth": 6,
  "kernel_size": 41,
  "bottleneck_size": 32,
  "use_residual": true,
  "use_bottleneck": true,
  "lr": 0.0001,
  "average": "macro",
  "standardize": true,
  "use_weighted_sampler": false,
  "seed": 42,
  "precision": "32",
  "fold": 4,
  "all_metrics_test": {
    "fold": 4,
    "test_f1": 0.4058716893196106,
    "test_loss": 0.6312219500541687,
    "test_precision": 0.41662582755088806,
    "test_recall": 0.409195214509964,
    "test_accuracy": 0.6104477643966675,
    "test_balanced_acc": 0.409195214509964,
    "test_kappa": 0.5298340916633606,
    "log_dir": "result/Resnet34_FocalCos_20260204-084825/fold_4/",
    "best_ckpt": "result/Resnet34_FocalCos_20260204-084825/fold_4/checkpoints/best-11-0.6570.ckpt"
  }
}