{
  "test_f1": {
    "mean": 0.4421164572238922,
    "std": 0.017985290636606963,
    "mean_std": "0.4421 \u00b1 0.0180"
  },
  "test_precision": {
    "mean": 0.4517978668212891,
    "std": 0.015544730513358683,
    "mean_std": "0.4518 \u00b1 0.0155"
  },
  "test_recall": {
    "mean": 0.44608821868896487,
    "std": 0.025864408740016057,
    "mean_std": "0.4461 \u00b1 0.0259"
  },
  "test_accuracy": {
    "mean": 0.6227637648582458,
    "std": 0.030548915385533257,
    "mean_std": "0.6228 \u00b1 0.0305"
  },
  "test_balanced_acc": {
    "mean": 0.44608821868896487,
    "std": 0.025864408740016057,
    "mean_std": "0.4461 \u00b1 0.0259"
  },
  "test_kappa": {
    "mean": 0.5691271543502807,
    "std": 0.0488017542750728,
    "mean_std": "0.5691 \u00b1 0.0488"
  },
  "test_loss": {
    "mean": 0.612528532743454,
    "std": 0.15650023224529155,
    "mean_std": "0.6125 \u00b1 0.1565"
  }
}