{
  "test_f1": {
    "mean": 0.4066717326641083,
    "std": 0.0,
    "mean_std": "0.4067 \u00b1 0.0000"
  },
  "test_precision": {
    "mean": 0.4086310863494873,
    "std": 0.0,
    "mean_std": "0.4086 \u00b1 0.0000"
  },
  "test_recall": {
    "mean": 0.4268389344215393,
    "std": 0.0,
    "mean_std": "0.4268 \u00b1 0.0000"
  },
  "test_accuracy": {
    "mean": 0.5773809552192688,
    "std": 0.0,
    "mean_std": "0.5774 \u00b1 0.0000"
  },
  "test_balanced_acc": {
    "mean": 0.4268389344215393,
    "std": 0.0,
    "mean_std": "0.4268 \u00b1 0.0000"
  },
  "test_kappa": {
    "mean": 0.5246672630310059,
    "std": 0.0,
    "mean_std": "0.5247 \u00b1 0.0000"
  },
  "test_loss": {
    "mean": 155.77938842773438,
    "std": 0.0,
    "mean_std": "155.7794 \u00b1 0.0000"
  }
}