{
  "test_f1": {
    "mean": 0.4303934097290039,
    "std": 0.03721982928660192,
    "mean_std": "0.4304 \u00b1 0.0372"
  },
  "test_precision": {
    "mean": 0.44762694239616396,
    "std": 0.03370014010035467,
    "mean_std": "0.4476 \u00b1 0.0337"
  },
  "test_recall": {
    "mean": 0.4393648266792297,
    "std": 0.04258650236581735,
    "mean_std": "0.4394 \u00b1 0.0426"
  },
  "test_accuracy": {
    "mean": 0.5712583422660827,
    "std": 0.053957518096037084,
    "mean_std": "0.5713 \u00b1 0.0540"
  },
  "test_balanced_acc": {
    "mean": 0.4393648266792297,
    "std": 0.04258650236581735,
    "mean_std": "0.4394 \u00b1 0.0426"
  },
  "test_kappa": {
    "mean": 0.5621443450450897,
    "std": 0.09787600917894085,
    "mean_std": "0.5621 \u00b1 0.0979"
  },
  "test_loss": {
    "mean": 127.13665618896485,
    "std": 24.59355612996351,
    "mean_std": "127.1367 \u00b1 24.5936"
  }
}