{
  "best_ckpt": "result/Resnet34_coral/Resnet34_coral_20260207-092523/fold_5/checkpoints/best-06-0.6620.ckpt",
  "monitor": "val_kappa",
  "patience": 30,
  "log_dir": "result/Resnet34_coral/Resnet34_coral_20260207-092523/fold_5/",
  "in_channels": 1,
  "nb_classes": 4,
  "nb_filters": 32,
  "depth": 6,
  "kernel_size": 41,
  "bottleneck_size": 32,
  "use_residual": true,
  "use_bottleneck": true,
  "lr": 0.0001,
  "average": "macro",
  "standardize": true,
  "use_weighted_sampler": false,
  "seed": 42,
  "precision": "32",
  "fold": 5,
  "optimal_threshold": 0.5000000000000001,
  "all_metrics_test": {
    "fold": 5,
    "test_f1": 0.44807377457618713,
    "test_loss": 0.11087092012166977,
    "test_precision": 0.5165828466415405,
    "test_recall": 0.4356158971786499,
    "test_accuracy": 0.601190447807312,
    "test_balanced_acc": 0.4356158971786499,
    "test_kappa": 0.591254711151123,
    "log_dir": "result/Resnet34_coral/Resnet34_coral_20260207-092523/fold_5/",
    "best_ckpt": "result/Resnet34_coral/Resnet34_coral_20260207-092523/fold_5/checkpoints/best-06-0.6620.ckpt"
  }
}