{
  "test_f1": {
    "mean": 0.4081488251686096,
    "std": 0.0,
    "mean_std": "0.4081 \u00b1 0.0000"
  },
  "test_precision": {
    "mean": 0.4384348392486572,
    "std": 0.0,
    "mean_std": "0.4384 \u00b1 0.0000"
  },
  "test_recall": {
    "mean": 0.4004390835762024,
    "std": 0.0,
    "mean_std": "0.4004 \u00b1 0.0000"
  },
  "test_accuracy": {
    "mean": 0.6408345699310303,
    "std": 0.0,
    "mean_std": "0.6408 \u00b1 0.0000"
  },
  "test_balanced_acc": {
    "mean": 0.4004390835762024,
    "std": 0.0,
    "mean_std": "0.4004 \u00b1 0.0000"
  },
  "test_kappa": {
    "mean": 0.5748906135559082,
    "std": 0.0,
    "mean_std": "0.5749 \u00b1 0.0000"
  },
  "test_loss": {
    "mean": 119.96791076660156,
    "std": 0.0,
    "mean_std": "119.9679 \u00b1 0.0000"
  }
}