{
  "best_ckpt": "result/Resnet34_hybrid_20260204-111346/fold_1/checkpoints/best-26-0.6268.ckpt",
  "monitor": "val_kappa",
  "patience": 30,
  "log_dir": "result/Resnet34_hybrid_20260204-111346/fold_1/",
  "in_channels": 1,
  "nb_classes": 4,
  "nb_filters": 32,
  "depth": 6,
  "kernel_size": 41,
  "bottleneck_size": 32,
  "use_residual": true,
  "use_bottleneck": true,
  "lr": 0.0001,
  "average": "macro",
  "standardize": true,
  "use_weighted_sampler": false,
  "seed": 42,
  "precision": "32",
  "fold": 1,
  "all_metrics_test": {
    "fold": 1,
    "test_f1": 0.41873252391815186,
    "test_loss": 128.65521240234375,
    "test_precision": 0.46696898341178894,
    "test_recall": 0.4191272258758545,
    "test_accuracy": 0.5208333134651184,
    "test_balanced_acc": 0.4191272258758545,
    "test_kappa": 0.5250028967857361,
    "log_dir": "result/Resnet34_hybrid_20260204-111346/fold_1/",
    "best_ckpt": "result/Resnet34_hybrid_20260204-111346/fold_1/checkpoints/best-26-0.6268.ckpt"
  }
}