{
  "test_f1": {
    "mean": 0.39432308077812195,
    "std": 0.0,
    "mean_std": "0.3943 \u00b1 0.0000"
  },
  "test_precision": {
    "mean": 0.4616192877292633,
    "std": 0.0,
    "mean_std": "0.4616 \u00b1 0.0000"
  },
  "test_recall": {
    "mean": 0.4108225703239441,
    "std": 0.0,
    "mean_std": "0.4108 \u00b1 0.0000"
  },
  "test_accuracy": {
    "mean": 0.5758928656578064,
    "std": 0.0,
    "mean_std": "0.5759 \u00b1 0.0000"
  },
  "test_balanced_acc": {
    "mean": 0.4108225703239441,
    "std": 0.0,
    "mean_std": "0.4108 \u00b1 0.0000"
  },
  "test_kappa": {
    "mean": 0.5633913278579712,
    "std": 0.0,
    "mean_std": "0.5634 \u00b1 0.0000"
  },
  "test_loss": {
    "mean": 126.00929260253906,
    "std": 0.0,
    "mean_std": "126.0093 \u00b1 0.0000"
  }
}