{
  "test_f1": {
    "mean": 0.41783114075660704,
    "std": 0.026958447605372998,
    "mean_std": "0.4178 \u00b1 0.0270"
  },
  "test_precision": {
    "mean": 0.4332891583442688,
    "std": 0.04388360869795326,
    "mean_std": "0.4333 \u00b1 0.0439"
  },
  "test_recall": {
    "mean": 0.4312334001064301,
    "std": 0.020577346225079972,
    "mean_std": "0.4312 \u00b1 0.0206"
  },
  "test_accuracy": {
    "mean": 0.5774426102638245,
    "std": 0.06129377897092882,
    "mean_std": "0.5774 \u00b1 0.0613"
  },
  "test_balanced_acc": {
    "mean": 0.4312334001064301,
    "std": 0.020577346225079972,
    "mean_std": "0.4312 \u00b1 0.0206"
  },
  "test_kappa": {
    "mean": 0.5729348063468933,
    "std": 0.06187513338370633,
    "mean_std": "0.5729 \u00b1 0.0619"
  },
  "test_loss": {
    "mean": 123.1770248413086,
    "std": 21.069211084373986,
    "mean_std": "123.1770 \u00b1 21.0692"
  }
}