{
  "test_f1": {
    "mean": 0.34849244356155396,
    "std": 0.0,
    "mean_std": "0.3485 \u00b1 0.0000"
  },
  "test_precision": {
    "mean": 0.3541128933429718,
    "std": 0.0,
    "mean_std": "0.3541 \u00b1 0.0000"
  },
  "test_recall": {
    "mean": 0.3721449673175812,
    "std": 0.0,
    "mean_std": "0.3721 \u00b1 0.0000"
  },
  "test_accuracy": {
    "mean": 0.5260804891586304,
    "std": 0.0,
    "mean_std": "0.5261 \u00b1 0.0000"
  },
  "test_balanced_acc": {
    "mean": 0.3721449673175812,
    "std": 0.0,
    "mean_std": "0.3721 \u00b1 0.0000"
  },
  "test_kappa": {
    "mean": 0.4727758467197418,
    "std": 0.0,
    "mean_std": "0.4728 \u00b1 0.0000"
  },
  "test_loss": {
    "mean": 163.21324157714844,
    "std": 0.0,
    "mean_std": "163.2132 \u00b1 0.0000"
  }
}