{
    "Coral": {
        "Resnet34_coral_20260210-160027": {
            "test_f1_mean": 0.42493849992752075,
            "test_f1_std": 0.021577605361508056,
            "test_f1_mean_std": "0.4249 \u00b1 0.0216",
            "test_precision_mean": 0.44549199342727663,
            "test_precision_std": 0.01466569885596551,
            "test_precision_mean_std": "0.4455 \u00b1 0.0147",
            "test_recall_mean": 0.42211002111434937,
            "test_recall_std": 0.02313163330335694,
            "test_recall_mean_std": "0.4221 \u00b1 0.0231",
            "test_accuracy_mean": 0.5938399195671081,
            "test_accuracy_std": 0.02364520300536304,
            "test_accuracy_mean_std": "0.5938 \u00b1 0.0236",
            "test_balanced_acc_mean": 0.42211002111434937,
            "test_balanced_acc_std": 0.02313163330335694,
            "test_balanced_acc_mean_std": "0.4221 \u00b1 0.0231",
            "test_kappa_mean": 0.5877372980117798,
            "test_kappa_std": 0.02607757502663657,
            "test_kappa_mean_std": "0.5877 \u00b1 0.0261",
            "test_loss_mean": 0.12222599387168884,
            "test_loss_std": 0.012294429682837657,
            "test_loss_mean_std": "0.1222 \u00b1 0.0123"
        }
    },
    "Coral_bmi": {
        "Resnet34_coral_20260207-122839": {
            "test_f1_mean": 0.4376764476299286,
            "test_f1_std": 0.049528192788278205,
            "test_f1_mean_std": "0.4377 \u00b1 0.0495",
            "test_precision_mean": 0.46426221132278445,
            "test_precision_std": 0.0472125905375761,
            "test_precision_mean_std": "0.4643 \u00b1 0.0472",
            "test_recall_mean": 0.4468377113342285,
            "test_recall_std": 0.06559756561014674,
            "test_recall_mean_std": "0.4468 \u00b1 0.0656",
            "test_accuracy_mean": 0.5867372274398803,
            "test_accuracy_std": 0.03521688363724879,
            "test_accuracy_mean_std": "0.5867 \u00b1 0.0352",
            "test_balanced_acc_mean": 0.4468377113342285,
            "test_balanced_acc_std": 0.06559756561014674,
            "test_balanced_acc_mean_std": "0.4468 \u00b1 0.0656",
            "test_kappa_mean": 0.5890502452850341,
            "test_kappa_std": 0.06641004595817972,
            "test_kappa_mean_std": "0.5891 \u00b1 0.0664",
            "test_loss_mean": 0.12492109090089798,
            "test_loss_std": 0.026502719047965643,
            "test_loss_mean_std": "0.1249 \u00b1 0.0265"
        }
    },
    "Coral_bmi_sex": {
        "Resnet34_coral_20260207-113042": {
            "test_f1_mean": 0.42445406317710876,
            "test_f1_std": 0.03155038257183717,
            "test_f1_mean_std": "0.4245 \u00b1 0.0316",
            "test_precision_mean": 0.4594534456729889,
            "test_precision_std": 0.027870285980894742,
            "test_precision_mean_std": "0.4595 \u00b1 0.0279",
            "test_recall_mean": 0.43224306106567384,
            "test_recall_std": 0.04342891945157661,
            "test_recall_mean_std": "0.4322 \u00b1 0.0434",
            "test_accuracy_mean": 0.5786633253097534,
            "test_accuracy_std": 0.0062142431595953295,
            "test_accuracy_mean_std": "0.5787 \u00b1 0.0062",
            "test_balanced_acc_mean": 0.43224306106567384,
            "test_balanced_acc_std": 0.04342891945157661,
            "test_balanced_acc_mean_std": "0.4322 \u00b1 0.0434",
            "test_kappa_mean": 0.6009320855140686,
            "test_kappa_std": 0.036719167393228024,
            "test_kappa_mean_std": "0.6009 \u00b1 0.0367",
            "test_loss_mean": 0.12059209346771241,
            "test_loss_std": 0.016163721082590763,
            "test_loss_mean_std": "0.1206 \u00b1 0.0162"
        }
    },
    "Coral_sex": {
        "Resnet34_coral_20260207-131900": {
            "test_f1_mean": 0.4236255884170532,
            "test_f1_std": 0.04378344486243521,
            "test_f1_mean_std": "0.4236 \u00b1 0.0438",
            "test_precision_mean": 0.4684856593608856,
            "test_precision_std": 0.02101807165111865,
            "test_precision_mean_std": "0.4685 \u00b1 0.0210",
            "test_recall_mean": 0.42815391421318055,
            "test_recall_std": 0.04863550362192069,
            "test_recall_mean_std": "0.4282 \u00b1 0.0486",
            "test_accuracy_mean": 0.5840319991111755,
            "test_accuracy_std": 0.01643457042939729,
            "test_accuracy_mean_std": "0.5840 \u00b1 0.0164",
            "test_balanced_acc_mean": 0.42815391421318055,
            "test_balanced_acc_std": 0.04863550362192069,
            "test_balanced_acc_mean_std": "0.4282 \u00b1 0.0486",
            "test_kappa_mean": 0.5821138262748718,
            "test_kappa_std": 0.05497187412596205,
            "test_kappa_mean_std": "0.5821 \u00b1 0.0550",
            "test_loss_mean": 0.11977377980947494,
            "test_loss_std": 0.016061171705577474,
            "test_loss_mean_std": "0.1198 \u00b1 0.0161"
        }
    },
    "FocalCos": {
        "Resnet34_FocalCos_20260207-004554": {
            "test_f1_mean": 0.43248780965805056,
            "test_f1_std": 0.03521056134359654,
            "test_f1_mean_std": "0.4325 \u00b1 0.0352",
            "test_precision_mean": 0.4442496359348297,
            "test_precision_std": 0.030807681416912765,
            "test_precision_mean_std": "0.4442 \u00b1 0.0308",
            "test_recall_mean": 0.43939889669418336,
            "test_recall_std": 0.03031030670965168,
            "test_recall_mean_std": "0.4394 \u00b1 0.0303",
            "test_accuracy_mean": 0.6159154057502747,
            "test_accuracy_std": 0.03637904563328801,
            "test_accuracy_mean_std": "0.6159 \u00b1 0.0364",
            "test_balanced_acc_mean": 0.43939889669418336,
            "test_balanced_acc_std": 0.03031030670965168,
            "test_balanced_acc_mean_std": "0.4394 \u00b1 0.0303",
            "test_kappa_mean": 0.5723111152648925,
            "test_kappa_std": 0.056438061860342954,
            "test_kappa_mean_std": "0.5723 \u00b1 0.0564",
            "test_loss_mean": 0.5914620935916901,
            "test_loss_std": 0.2505108915283678,
            "test_loss_mean_std": "0.5915 \u00b1 0.2505"
        }
    },
    "FocalCos_bmi": {
        "Resnet34_FocalCos_20260207-020853": {
            "test_f1_mean": 0.429381662607193,
            "test_f1_std": 0.04831083905092418,
            "test_f1_mean_std": "0.4294 \u00b1 0.0483",
            "test_precision_mean": 0.4406393587589264,
            "test_precision_std": 0.045317019535893656,
            "test_precision_mean_std": "0.4406 \u00b1 0.0453",
            "test_recall_mean": 0.4373781383037567,
            "test_recall_std": 0.041854771847057604,
            "test_recall_mean_std": "0.4374 \u00b1 0.0419",
            "test_accuracy_mean": 0.6033798575401306,
            "test_accuracy_std": 0.051693614851988125,
            "test_accuracy_mean_std": "0.6034 \u00b1 0.0517",
            "test_balanced_acc_mean": 0.4373781383037567,
            "test_balanced_acc_std": 0.041854771847057604,
            "test_balanced_acc_mean_std": "0.4374 \u00b1 0.0419",
            "test_kappa_mean": 0.5575062870979309,
            "test_kappa_std": 0.06497013519979386,
            "test_kappa_mean_std": "0.5575 \u00b1 0.0650",
            "test_loss_mean": 0.518571424484253,
            "test_loss_std": 0.21843966872228118,
            "test_loss_mean_std": "0.5186 \u00b1 0.2184"
        }
    },
    "FocalCos_bmi_sex": {
        "Resnet34_FocalCos_20260207-012806": {
            "test_f1_mean": 0.4421164572238922,
            "test_f1_std": 0.017985290636606963,
            "test_f1_mean_std": "0.4421 \u00b1 0.0180",
            "test_precision_mean": 0.4517978668212891,
            "test_precision_std": 0.015544730513358683,
            "test_precision_mean_std": "0.4518 \u00b1 0.0155",
            "test_recall_mean": 0.44608821868896487,
            "test_recall_std": 0.025864408740016057,