{
  "test_f1": {
    "mean": 0.43085638284683225,
    "std": 0.026063507748737353,
    "mean_std": "0.4309 \u00b1 0.0261"
  },
  "test_precision": {
    "mean": 0.4507655084133148,
    "std": 0.027432400102592115,
    "mean_std": "0.4508 \u00b1 0.0274"
  },
  "test_recall": {
    "mean": 0.43942391872406006,
    "std": 0.025327416195259734,
    "mean_std": "0.4394 \u00b1 0.0253"
  },
  "test_accuracy": {
    "mean": 0.5723852992057801,
    "std": 0.05085098563704239,
    "mean_std": "0.5724 \u00b1 0.0509"
  },
  "test_balanced_acc": {
    "mean": 0.43942391872406006,
    "std": 0.025327416195259734,
    "mean_std": "0.4394 \u00b1 0.0253"
  },
  "test_kappa": {
    "mean": 0.5766763329505921,
    "std": 0.06027245230685967,
    "mean_std": "0.5767 \u00b1 0.0603"
  },
  "test_loss": {
    "mean": 124.7761734008789,
    "std": 19.166453670459028,
    "mean_std": "124.7762 \u00b1 19.1665"
  }
}