{
  "test_f1": {
    "mean": 0.4470981955528259,
    "std": 0.0,
    "mean_std": "0.4471 \u00b1 0.0000"
  },
  "test_precision": {
    "mean": 0.45234209299087524,
    "std": 0.0,
    "mean_std": "0.4523 \u00b1 0.0000"
  },
  "test_recall": {
    "mean": 0.45245006680488586,
    "std": 0.0,
    "mean_std": "0.4525 \u00b1 0.0000"
  },
  "test_accuracy": {
    "mean": 0.5767511129379272,
    "std": 0.0,
    "mean_std": "0.5768 \u00b1 0.0000"
  },
  "test_balanced_acc": {
    "mean": 0.45245006680488586,
    "std": 0.0,
    "mean_std": "0.4525 \u00b1 0.0000"
  },
  "test_kappa": {
    "mean": 0.5560312271118164,
    "std": 0.0,
    "mean_std": "0.5560 \u00b1 0.0000"
  },
  "test_loss": {
    "mean": 137.9166717529297,
    "std": 0.0,
    "mean_std": "137.9167 \u00b1 0.0000"
  }
}