{
  "best_ckpt": "result/Resnet34_coral/Resnet34_coral_20260207-092523/fold_2/checkpoints/best-39-0.5865.ckpt",
  "monitor": "val_kappa",
  "patience": 30,
  "log_dir": "result/Resnet34_coral/Resnet34_coral_20260207-092523/fold_2/",
  "in_channels": 1,
  "nb_classes": 4,
  "nb_filters": 32,
  "depth": 6,
  "kernel_size": 41,
  "bottleneck_size": 32,
  "use_residual": true,
  "use_bottleneck": true,
  "lr": 0.0001,
  "average": "macro",
  "standardize": true,
  "use_weighted_sampler": false,
  "seed": 42,
  "precision": "32",
  "fold": 2,
  "optimal_threshold": 0.5500000000000002,
  "all_metrics_test": {
    "fold": 2,
    "test_f1": 0.4882223904132843,
    "test_loss": 0.1469138115644455,
    "test_precision": 0.511907160282135,
    "test_recall": 0.4717160165309906,
    "test_accuracy": 0.6691505312919617,
    "test_balanced_acc": 0.4717160165309906,
    "test_kappa": 0.5661630630493164,
    "log_dir": "result/Resnet34_coral/Resnet34_coral_20260207-092523/fold_2/",
    "best_ckpt": "result/Resnet34_coral/Resnet34_coral_20260207-092523/fold_2/checkpoints/best-39-0.5865.ckpt"
  }
}