{
  "test_f1": {
    "mean": 0.411555677652359,
    "std": 0.024992400016249396,
    "mean_std": "0.4116 \u00b1 0.0250"
  },
  "test_precision": {
    "mean": 0.41555994749069214,
    "std": 0.027823063105412573,
    "mean_std": "0.4156 \u00b1 0.0278"
  },
  "test_recall": {
    "mean": 0.4281069278717041,
    "std": 0.026647872807436163,
    "mean_std": "0.4281 \u00b1 0.0266"
  },
  "test_accuracy": {
    "mean": 0.5735988676548004,
    "std": 0.05818597690203989,
    "mean_std": "0.5736 \u00b1 0.0582"
  },
  "test_balanced_acc": {
    "mean": 0.4281069278717041,
    "std": 0.026647872807436163,
    "mean_std": "0.4281 \u00b1 0.0266"
  },
  "test_kappa": {
    "mean": 0.5896292090415954,
    "std": 0.05910752846833676,
    "mean_std": "0.5896 \u00b1 0.0591"
  },
  "test_loss": {
    "mean": 125.71456451416016,
    "std": 22.408069393214546,
    "mean_std": "125.7146 \u00b1 22.4081"
  }
}