{
  "best_ckpt": "result/Resnet34_hybrid_20260204-101853/fold_1/checkpoints/best-04-0.6324.ckpt",
  "monitor": "val_kappa",
  "patience": 30,
  "log_dir": "result/Resnet34_hybrid_20260204-101853/fold_1/",
  "in_channels": 1,
  "nb_classes": 4,
  "nb_filters": 32,
  "depth": 6,
  "kernel_size": 41,
  "bottleneck_size": 32,
  "use_residual": true,
  "use_bottleneck": true,
  "lr": 0.0001,
  "average": "macro",
  "standardize": true,
  "use_weighted_sampler": false,
  "seed": 42,
  "precision": "32",
  "fold": 1,
  "all_metrics_test": {
    "fold": 1,
    "test_f1": 0.3495500981807709,
    "test_loss": 131.0808563232422,
    "test_precision": 0.32434210181236267,
    "test_recall": 0.4041496217250824,
    "test_accuracy": 0.5684523582458496,
    "test_balanced_acc": 0.4041496217250824,
    "test_kappa": 0.5186316967010498,
    "log_dir": "result/Resnet34_hybrid_20260204-101853/fold_1/",
    "best_ckpt": "result/Resnet34_hybrid_20260204-101853/fold_1/checkpoints/best-04-0.6324.ckpt"
  }
}