{
  "test_f1": {
    "mean": 0.4462562084197998,
    "std": 0.040717311232766694,
    "mean_std": "0.4463 \u00b1 0.0407"
  },
  "test_precision": {
    "mean": 0.4837665557861328,
    "std": 0.04152971330941324,
    "mean_std": "0.4838 \u00b1 0.0415"
  },
  "test_recall": {
    "mean": 0.4414175748825073,
    "std": 0.03962730328539296,
    "mean_std": "0.4414 \u00b1 0.0396"
  },
  "test_accuracy": {
    "mean": 0.5980164766311645,
    "std": 0.05753883574102221,
    "mean_std": "0.5980 \u00b1 0.0575"
  },
  "test_balanced_acc": {
    "mean": 0.4414175748825073,
    "std": 0.03962730328539296,
    "mean_std": "0.4414 \u00b1 0.0396"
  },
  "test_kappa": {
    "mean": 0.5943207025527955,
    "std": 0.063593398217846,
    "mean_std": "0.5943 \u00b1 0.0636"
  },
  "test_loss": {
    "mean": 0.11543017774820327,
    "std": 0.019776300738227316,
    "mean_std": "0.1154 \u00b1 0.0198"
  }
}