{
  "best_ckpt": "result/Coral_sex/Resnet34_coral_20260207-131900/fold_4/checkpoints/best-25-0.5857.ckpt",
  "monitor": "val_kappa",
  "patience": 30,
  "log_dir": "result/Coral_sex/Resnet34_coral_20260207-131900/fold_4/",
  "in_channels": 1,
  "nb_classes": 4,
  "nb_filters": 32,
  "depth": 6,
  "kernel_size": 41,
  "bottleneck_size": 32,
  "use_residual": true,
  "use_bottleneck": true,
  "lr": 0.0001,
  "average": "macro",
  "standardize": true,
  "use_weighted_sampler": false,
  "seed": 42,
  "precision": "32",
  "fold": 4,
  "optimal_threshold": 0.5500000000000002,
  "all_metrics_test": {
    "fold": 4,
    "test_f1": 0.42142626643180847,
    "test_loss": 0.12775999307632446,
    "test_precision": 0.4464164972305298,
    "test_recall": 0.4198075532913208,
    "test_accuracy": 0.60447758436203,
    "test_balanced_acc": 0.4198075532913208,
    "test_kappa": 0.5821757316589355,
    "log_dir": "result/Coral_sex/Resnet34_coral_20260207-131900/fold_4/",
    "best_ckpt": "result/Coral_sex/Resnet34_coral_20260207-131900/fold_4/checkpoints/best-25-0.5857.ckpt"
  }
}