{
  "best_ckpt": "result/Coral_bmi/Resnet34_coral_20260207-122839/fold_4/checkpoints/best-43-0.6289.ckpt",
  "monitor": "val_kappa",
  "patience": 30,
  "log_dir": "result/Coral_bmi/Resnet34_coral_20260207-122839/fold_4/",
  "in_channels": 1,
  "nb_classes": 4,
  "nb_filters": 32,
  "depth": 6,
  "kernel_size": 41,
  "bottleneck_size": 32,
  "use_residual": true,
  "use_bottleneck": true,
  "lr": 0.0001,
  "average": "macro",
  "standardize": true,
  "use_weighted_sampler": false,
  "seed": 42,
  "precision": "32",
  "fold": 4,
  "optimal_threshold": 0.6500000000000001,
  "all_metrics_test": {
    "fold": 4,
    "test_f1": 0.3819838762283325,
    "test_loss": 0.16748814284801483,
    "test_precision": 0.4175826907157898,
    "test_recall": 0.3723886013031006,
    "test_accuracy": 0.6388059854507446,
    "test_balanced_acc": 0.3723886013031006,
    "test_kappa": 0.5295552015304565,
    "log_dir": "result/Coral_bmi/Resnet34_coral_20260207-122839/fold_4/",
    "best_ckpt": "result/Coral_bmi/Resnet34_coral_20260207-122839/fold_4/checkpoints/best-43-0.6289.ckpt"
  }
}