{
  "best_ckpt": "result/Resnet34_hybrid_20260204-101853/fold_4/checkpoints/best-18-0.6452.ckpt",
  "monitor": "val_kappa",
  "patience": 30,
  "log_dir": "result/Resnet34_hybrid_20260204-101853/fold_4/",
  "in_channels": 1,
  "nb_classes": 4,
  "nb_filters": 32,
  "depth": 6,
  "kernel_size": 41,
  "bottleneck_size": 32,
  "use_residual": true,
  "use_bottleneck": true,
  "lr": 0.0001,
  "average": "macro",
  "standardize": true,
  "use_weighted_sampler": false,
  "seed": 42,
  "precision": "32",
  "fold": 4,
  "all_metrics_test": {
    "fold": 4,
    "test_f1": 0.4047628939151764,
    "test_loss": 132.1244354248047,
    "test_precision": 0.42959341406822205,
    "test_recall": 0.39797306060791016,
    "test_accuracy": 0.562686562538147,
    "test_balanced_acc": 0.39797306060791016,
    "test_kappa": 0.5307632088661194,
    "log_dir": "result/Resnet34_hybrid_20260204-101853/fold_4/",
    "best_ckpt": "result/Resnet34_hybrid_20260204-101853/fold_4/checkpoints/best-18-0.6452.ckpt"
  }
}