{
  "test_f1": {
    "mean": 0.4074254631996155,
    "std": 0.0,
    "mean_std": "0.4074 \u00b1 0.0000"
  },
  "test_precision": {
    "mean": 0.45417702198028564,
    "std": 0.0,
    "mean_std": "0.4542 \u00b1 0.0000"
  },
  "test_recall": {
    "mean": 0.3933382034301758,
    "std": 0.0,
    "mean_std": "0.3933 \u00b1 0.0000"
  },
  "test_accuracy": {
    "mean": 0.5916542410850525,
    "std": 0.0,
    "mean_std": "0.5917 \u00b1 0.0000"
  },
  "test_balanced_acc": {
    "mean": 0.3933382034301758,
    "std": 0.0,
    "mean_std": "0.3933 \u00b1 0.0000"
  },
  "test_kappa": {
    "mean": 0.5281944274902344,
    "std": 0.0,
    "mean_std": "0.5282 \u00b1 0.0000"
  },
  "test_loss": {
    "mean": 128.4264678955078,
    "std": 0.0,
    "mean_std": "128.4265 \u00b1 0.0000"
  }
}