{
  "best_ckpt": "result/Resnet34_hybrid_20260204-101853/fold_3/checkpoints/best-22-0.6158.ckpt",
  "monitor": "val_kappa",
  "patience": 30,
  "log_dir": "result/Resnet34_hybrid_20260204-101853/fold_3/",
  "in_channels": 1,
  "nb_classes": 4,
  "nb_filters": 32,
  "depth": 6,
  "kernel_size": 41,
  "bottleneck_size": 32,
  "use_residual": true,
  "use_bottleneck": true,
  "lr": 0.0001,
  "average": "macro",
  "standardize": true,
  "use_weighted_sampler": false,
  "seed": 42,
  "precision": "32",
  "fold": 3,
  "all_metrics_test": {
    "fold": 3,
    "test_f1": 0.38524773716926575,
    "test_loss": 118.91142272949219,
    "test_precision": 0.38764944672584534,
    "test_recall": 0.39508056640625,
    "test_accuracy": 0.5439642071723938,
    "test_balanced_acc": 0.39508056640625,
    "test_kappa": 0.6098783612251282,
    "log_dir": "result/Resnet34_hybrid_20260204-101853/fold_3/",
    "best_ckpt": "result/Resnet34_hybrid_20260204-101853/fold_3/checkpoints/best-22-0.6158.ckpt"
  }
}