{
  "test_f1": {
    "mean": 0.425202339887619,
    "std": 0.02299392476734546,
    "mean_std": "0.4252 \u00b1 0.0230"
  },
  "test_precision": {
    "mean": 0.44061148166656494,
    "std": 0.032323748069365686,
    "mean_std": "0.4406 \u00b1 0.0323"
  },
  "test_recall": {
    "mean": 0.4364613711833954,
    "std": 0.02247773117686711,
    "mean_std": "0.4365 \u00b1 0.0225"
  },
  "test_accuracy": {
    "mean": 0.6287196636199951,
    "std": 0.038663478926511896,
    "mean_std": "0.6287 \u00b1 0.0387"
  },
  "test_balanced_acc": {
    "mean": 0.4364613711833954,
    "std": 0.02247773117686711,
    "mean_std": "0.4365 \u00b1 0.0225"
  },
  "test_kappa": {
    "mean": 0.5654145359992981,
    "std": 0.04099766844016336,
    "mean_std": "0.5654 \u00b1 0.0410"
  },
  "test_loss": {
    "mean": 0.6498239040374756,
    "std": 0.061426820393680415,
    "mean_std": "0.6498 \u00b1 0.0614"
  }
}