{
  "best_ckpt": "result/Resnet34_FocalCos_20260204-093909/fold_4/checkpoints/best-05-0.6087.ckpt",
  "monitor": "val_kappa",
  "patience": 30,
  "log_dir": "result/Resnet34_FocalCos_20260204-093909/fold_4/",
  "in_channels": 1,
  "nb_classes": 4,
  "nb_filters": 32,
  "depth": 6,
  "kernel_size": 41,
  "bottleneck_size": 32,
  "use_residual": true,
  "use_bottleneck": true,
  "lr": 0.0001,
  "average": "macro",
  "standardize": true,
  "use_weighted_sampler": false,
  "seed": 42,
  "precision": "32",
  "fold": 4,
  "all_metrics_test": {
    "fold": 4,
    "test_f1": 0.3967156708240509,
    "test_loss": 0.8705214858055115,
    "test_precision": 0.4006410539150238,
    "test_recall": 0.4278164803981781,
    "test_accuracy": 0.5925372838973999,
    "test_balanced_acc": 0.4278164803981781,
    "test_kappa": 0.5328654646873474,
    "log_dir": "result/Resnet34_FocalCos_20260204-093909/fold_4/",
    "best_ckpt": "result/Resnet34_FocalCos_20260204-093909/fold_4/checkpoints/best-05-0.6087.ckpt"
  }
}