{
  "best_ckpt": "result/Resnet34_coral/Resnet34_coral_20260207-092523/fold_4/checkpoints/best-24-0.6297.ckpt",
  "monitor": "val_kappa",
  "patience": 30,
  "log_dir": "result/Resnet34_coral/Resnet34_coral_20260207-092523/fold_4/",
  "in_channels": 1,
  "nb_classes": 4,
  "nb_filters": 32,
  "depth": 6,
  "kernel_size": 41,
  "bottleneck_size": 32,
  "use_residual": true,
  "use_bottleneck": true,
  "lr": 0.0001,
  "average": "macro",
  "standardize": true,
  "use_weighted_sampler": false,
  "seed": 42,
  "precision": "32",
  "fold": 4,
  "optimal_threshold": 0.5000000000000001,
  "all_metrics_test": {
    "fold": 4,
    "test_f1": 0.37938642501831055,
    "test_loss": 0.11916127055883408,
    "test_precision": 0.4187769293785095,
    "test_recall": 0.37550246715545654,
    "test_accuracy": 0.5179104208946228,
    "test_balanced_acc": 0.37550246715545654,
    "test_kappa": 0.5319955348968506,
    "log_dir": "result/Resnet34_coral/Resnet34_coral_20260207-092523/fold_4/",
    "best_ckpt": "result/Resnet34_coral/Resnet34_coral_20260207-092523/fold_4/checkpoints/best-24-0.6297.ckpt"
  }
}