{
  "best_ckpt": "result/Resnet34_FocalCos_20260204-081853/fold_3/checkpoints/best-12-0.6270.ckpt",
  "monitor": "val_kappa",
  "patience": 30,
  "log_dir": "result/Resnet34_FocalCos_20260204-081853/fold_3/",
  "in_channels": 1,
  "nb_classes": 4,
  "nb_filters": 32,
  "depth": 6,
  "kernel_size": 41,
  "bottleneck_size": 32,
  "use_residual": true,
  "use_bottleneck": true,
  "lr": 0.0001,
  "average": "macro",
  "standardize": true,
  "use_weighted_sampler": false,
  "seed": 42,
  "precision": "32",
  "fold": 3,
  "all_metrics_test": {
    "fold": 3,
    "test_f1": 0.4690128564834595,
    "test_loss": 0.5291017293930054,
    "test_precision": 0.4827093780040741,
    "test_recall": 0.46811404824256897,
    "test_accuracy": 0.6691505312919617,
    "test_balanced_acc": 0.46811404824256897,
    "test_kappa": 0.6641095280647278,
    "log_dir": "result/Resnet34_FocalCos_20260204-081853/fold_3/",
    "best_ckpt": "result/Resnet34_FocalCos_20260204-081853/fold_3/checkpoints/best-12-0.6270.ckpt"
  }
}