{
  "best_ckpt": "result/Coral_sex/Resnet34_coral_20260207-131900/fold_3/checkpoints/best-28-0.6403.ckpt",
  "monitor": "val_kappa",
  "patience": 30,
  "log_dir": "result/Coral_sex/Resnet34_coral_20260207-131900/fold_3/",
  "in_channels": 1,
  "nb_classes": 4,
  "nb_filters": 32,
  "depth": 6,
  "kernel_size": 41,
  "bottleneck_size": 32,
  "use_residual": true,
  "use_bottleneck": true,
  "lr": 0.0001,
  "average": "macro",
  "standardize": true,
  "use_weighted_sampler": false,
  "seed": 42,
  "precision": "32",
  "fold": 3,
  "optimal_threshold": 0.5000000000000001,
  "all_metrics_test": {
    "fold": 3,
    "test_f1": 0.46710145473480225,
    "test_loss": 0.10981705039739609,
    "test_precision": 0.5025957822799683,
    "test_recall": 0.4789680540561676,
    "test_accuracy": 0.5782414078712463,
    "test_balanced_acc": 0.4789680540561676,
    "test_kappa": 0.6371418833732605,
    "log_dir": "result/Coral_sex/Resnet34_coral_20260207-131900/fold_3/",
    "best_ckpt": "result/Coral_sex/Resnet34_coral_20260207-131900/fold_3/checkpoints/best-28-0.6403.ckpt"
  }
}