{
  "best_ckpt": "result/FocalCos/Resnet34_FocalCos_20260207-004554/fold_2/checkpoints/best-25-0.5962.ckpt",
  "monitor": "val_kappa",
  "patience": 30,
  "log_dir": "result/FocalCos/Resnet34_FocalCos_20260207-004554/fold_2/",
  "in_channels": 1,
  "nb_classes": 4,
  "nb_filters": 32,
  "depth": 6,
  "kernel_size": 41,
  "bottleneck_size": 32,
  "use_residual": true,
  "use_bottleneck": true,
  "lr": 0.0001,
  "average": "macro",
  "standardize": true,
  "use_weighted_sampler": false,
  "seed": 42,
  "precision": "32",
  "fold": 2,
  "all_metrics_test": {
    "fold": 2,
    "test_f1": 0.4180918037891388,
    "test_loss": 0.3503371477127075,
    "test_precision": 0.41617920994758606,
    "test_recall": 0.42383939027786255,
    "test_accuracy": 0.5782414078712463,
    "test_balanced_acc": 0.42383939027786255,
    "test_kappa": 0.5176974534988403,
    "log_dir": "result/FocalCos/Resnet34_FocalCos_20260207-004554/fold_2/",
    "best_ckpt": "result/FocalCos/Resnet34_FocalCos_20260207-004554/fold_2/checkpoints/best-25-0.5962.ckpt"
  }
}