{
  "best_ckpt": "result/Coral_bmi/Resnet34_coral_20260207-122839/fold_5/checkpoints/best-31-0.7174.ckpt",
  "monitor": "val_kappa",
  "patience": 30,
  "log_dir": "result/Coral_bmi/Resnet34_coral_20260207-122839/fold_5/",
  "in_channels": 1,
  "nb_classes": 4,
  "nb_filters": 32,
  "depth": 6,
  "kernel_size": 41,
  "bottleneck_size": 32,
  "use_residual": true,
  "use_bottleneck": true,
  "lr": 0.0001,
  "average": "macro",
  "standardize": true,
  "use_weighted_sampler": false,
  "seed": 42,
  "precision": "32",
  "fold": 5,
  "optimal_threshold": 0.5000000000000001,
  "all_metrics_test": {
    "fold": 5,
    "test_f1": 0.4222000241279602,
    "test_loss": 0.1092095822095871,
    "test_precision": 0.45298245549201965,
    "test_recall": 0.4190066456794739,
    "test_accuracy": 0.59375,
    "test_balanced_acc": 0.4190066456794739,
    "test_kappa": 0.5730935335159302,
    "log_dir": "result/Coral_bmi/Resnet34_coral_20260207-122839/fold_5/",
    "best_ckpt": "result/Coral_bmi/Resnet34_coral_20260207-122839/fold_5/checkpoints/best-31-0.7174.ckpt"
  }
}