{
  "f1_macro": {
    "mean": 0.41115285504987753,
    "std": 0.004318345734604306,
    "ci_lower": 0.4027299744444481,
    "ci_upper": 0.41918927534497563,
    "str_ci": "0.4112 (0.4027-0.4192)",
    "str_std": "0.4112 \u00b1 0.0043"
  },
  "accuracy": {
    "mean": 0.586973420738975,
    "std": 0.003866468343667569,
    "ci_lower": 0.5790822407628129,
    "ci_upper": 0.5945172824791418,
    "str_ci": "0.5870 (0.5791-0.5945)",
    "str_std": "0.5870 \u00b1 0.0039"
  },
  "kappa": {
    "mean": 0.2718776548881886,
    "std": 0.005754708913413291,
    "ci_lower": 0.26025227022328656,
    "ci_upper": 0.28216590807660225,
    "str_ci": "0.2719 (0.2603-0.2822)",
    "str_std": "0.2719 \u00b1 0.0058"
  }
}