{
  "best_ckpt": "result/Resnet34_hybrid_20260204-083130/fold_2/checkpoints/best-33-0.6144.ckpt",
  "monitor": "val_kappa",
  "patience": 30,
  "log_dir": "result/Resnet34_hybrid_20260204-083130/fold_2/",
  "in_channels": 1,
  "nb_classes": 4,
  "nb_filters": 32,
  "depth": 6,
  "kernel_size": 41,
  "bottleneck_size": 32,
  "use_residual": true,
  "use_bottleneck": true,
  "lr": 0.0001,
  "average": "macro",
  "standardize": true,
  "use_weighted_sampler": false,
  "seed": 42,
  "precision": "32",
  "fold": 2,
  "all_metrics_test": {
    "fold": 2,
    "test_f1": 0.4059481918811798,
    "test_loss": 125.83133697509766,
    "test_precision": 0.41140154004096985,
    "test_recall": 0.4289478063583374,
    "test_accuracy": 0.5916542410850525,
    "test_balanced_acc": 0.4289478063583374,
    "test_kappa": 0.5841442942619324,
    "log_dir": "result/Resnet34_hybrid_20260204-083130/fold_2/",
    "best_ckpt": "result/Resnet34_hybrid_20260204-083130/fold_2/checkpoints/best-33-0.6144.ckpt"
  }
}