{
  "best_ckpt": "result/hybrid/Resnet34_hybrid_20260207-034222/fold_1/checkpoints/best-32-0.6092.ckpt",
  "monitor": "val_kappa",
  "patience": 30,
  "log_dir": "result/hybrid/Resnet34_hybrid_20260207-034222/fold_1/",
  "in_channels": 1,
  "nb_classes": 4,
  "nb_filters": 32,
  "depth": 6,
  "kernel_size": 41,
  "bottleneck_size": 32,
  "use_residual": true,
  "use_bottleneck": true,
  "lr": 0.0001,
  "average": "macro",
  "standardize": true,
  "use_weighted_sampler": false,
  "seed": 42,
  "precision": "32",
  "fold": 1,
  "all_metrics_test": {
    "fold": 1,
    "test_f1": 0.4086609184741974,
    "test_loss": 128.62998962402344,
    "test_precision": 0.4406092166900635,
    "test_recall": 0.40916740894317627,
    "test_accuracy": 0.4925595223903656,
    "test_balanced_acc": 0.40916740894317627,
    "test_kappa": 0.5279507040977478,
    "log_dir": "result/hybrid/Resnet34_hybrid_20260207-034222/fold_1/",
    "best_ckpt": "result/hybrid/Resnet34_hybrid_20260207-034222/fold_1/checkpoints/best-32-0.6092.ckpt"
  }
}