{
  "best_ckpt": "result/Resnet34_hybrid_20260203-001734/fold_3/checkpoints/best-31-0.4658.ckpt",
  "monitor": "val_f1",
  "patience": 30,
  "log_dir": "result/Resnet34_hybrid_20260203-001734/fold_3/",
  "in_channels": 1,
  "nb_classes": 4,
  "nb_filters": 32,
  "depth": 6,
  "kernel_size": 41,
  "bottleneck_size": 32,
  "use_residual": true,
  "use_bottleneck": true,
  "lr": 0.0001,
  "average": "macro",
  "standardize": true,
  "use_weighted_sampler": false,
  "seed": 42,
  "precision": "32",
  "fold": 3,
  "all_metrics_test": {
    "fold": 3,
    "test_f1": 0.43894556164741516,
    "test_loss": 88.17279815673828,
    "test_precision": 0.44501152634620667,
    "test_recall": 0.45402780175209045,
    "test_accuracy": 0.6348733305931091,
    "test_balanced_acc": 0.45402780175209045,
    "test_kappa": 0.7110618948936462,
    "log_dir": "result/Resnet34_hybrid_20260203-001734/fold_3/",
    "best_ckpt": "result/Resnet34_hybrid_20260203-001734/fold_3/checkpoints/best-31-0.4658.ckpt"
  }
}