{
  "best_ckpt": "result/Coral_bmi/Resnet34_coral_20260207-122839/fold_2/checkpoints/best-50-0.5667.ckpt",
  "monitor": "val_kappa",
  "patience": 30,
  "log_dir": "result/Coral_bmi/Resnet34_coral_20260207-122839/fold_2/",
  "in_channels": 1,
  "nb_classes": 4,
  "nb_filters": 32,
  "depth": 6,
  "kernel_size": 41,
  "bottleneck_size": 32,
  "use_residual": true,
  "use_bottleneck": true,
  "lr": 0.0001,
  "average": "macro",
  "standardize": true,
  "use_weighted_sampler": false,
  "seed": 42,
  "precision": "32",
  "fold": 2,
  "optimal_threshold": 0.5000000000000001,
  "all_metrics_test": {
    "fold": 2,
    "test_f1": 0.4658239781856537,
    "test_loss": 0.1066347286105156,
    "test_precision": 0.4730224311351776,
    "test_recall": 0.48377570509910583,
    "test_accuracy": 0.5737704634666443,
    "test_balanced_acc": 0.48377570509910583,
    "test_kappa": 0.6607356071472168,
    "log_dir": "result/Coral_bmi/Resnet34_coral_20260207-122839/fold_2/",
    "best_ckpt": "result/Coral_bmi/Resnet34_coral_20260207-122839/fold_2/checkpoints/best-50-0.5667.ckpt"
  }
}