{
  "test_f1": {
    "mean": 0.42445406317710876,
    "std": 0.03155038257183717,
    "mean_std": "0.4245 \u00b1 0.0316"
  },
  "test_precision": {
    "mean": 0.4594534456729889,
    "std": 0.027870285980894742,
    "mean_std": "0.4595 \u00b1 0.0279"
  },
  "test_recall": {
    "mean": 0.43224306106567384,
    "std": 0.04342891945157661,
    "mean_std": "0.4322 \u00b1 0.0434"
  },
  "test_accuracy": {
    "mean": 0.5786633253097534,
    "std": 0.0062142431595953295,
    "mean_std": "0.5787 \u00b1 0.0062"
  },
  "test_balanced_acc": {
    "mean": 0.43224306106567384,
    "std": 0.04342891945157661,
    "mean_std": "0.4322 \u00b1 0.0434"
  },
  "test_kappa": {
    "mean": 0.6009320855140686,
    "std": 0.036719167393228024,
    "mean_std": "0.6009 \u00b1 0.0367"
  },
  "test_loss": {
    "mean": 0.12059209346771241,
    "std": 0.016163721082590763,
    "mean_std": "0.1206 \u00b1 0.0162"
  }
}