{
  "best_ckpt": "result/Resnet34_FocalCos_20260204-093909/fold_1/checkpoints/best-06-0.6580.ckpt",
  "monitor": "val_kappa",
  "patience": 30,
  "log_dir": "result/Resnet34_FocalCos_20260204-093909/fold_1/",
  "in_channels": 1,
  "nb_classes": 4,
  "nb_filters": 32,
  "depth": 6,
  "kernel_size": 41,
  "bottleneck_size": 32,
  "use_residual": true,
  "use_bottleneck": true,
  "lr": 0.0001,
  "average": "macro",
  "standardize": true,
  "use_weighted_sampler": false,
  "seed": 42,
  "precision": "32",
  "fold": 1,
  "all_metrics_test": {
    "fold": 1,
    "test_f1": 0.4715207517147064,
    "test_loss": 0.7310281991958618,
    "test_precision": 0.4990215599536896,
    "test_recall": 0.46844038367271423,
    "test_accuracy": 0.6220238208770752,
    "test_balanced_acc": 0.46844038367271423,
    "test_kappa": 0.5905950665473938,
    "log_dir": "result/Resnet34_FocalCos_20260204-093909/fold_1/",
    "best_ckpt": "result/Resnet34_FocalCos_20260204-093909/fold_1/checkpoints/best-06-0.6580.ckpt"
  }
}