{
  "best_ckpt": "result/Resnet34_hybrid_20260204-080421/fold_1/checkpoints/best-01-0.6488.ckpt",
  "monitor": "val_kappa",
  "patience": 30,
  "log_dir": "result/Resnet34_hybrid_20260204-080421/fold_1/",
  "in_channels": 1,
  "nb_classes": 4,
  "nb_filters": 32,
  "depth": 6,
  "kernel_size": 41,
  "bottleneck_size": 32,
  "use_residual": true,
  "use_bottleneck": true,
  "lr": 0.0001,
  "average": "macro",
  "standardize": true,
  "use_weighted_sampler": false,
  "seed": 42,
  "precision": "32",
  "fold": 1,
  "all_metrics_test": {
    "fold": 1,
    "test_f1": 0.40385252237319946,
    "test_loss": 134.286376953125,
    "test_precision": 0.4470987617969513,
    "test_recall": 0.41192740201950073,
    "test_accuracy": 0.550595223903656,
    "test_balanced_acc": 0.41192740201950073,
    "test_kappa": 0.544073760509491,
    "log_dir": "result/Resnet34_hybrid_20260204-080421/fold_1/",
    "best_ckpt": "result/Resnet34_hybrid_20260204-080421/fold_1/checkpoints/best-01-0.6488.ckpt"
  }
}