{
  "test_f1": {
    "mean": 0.42364985346794126,
    "std": 0.02857014138827278,
    "mean_std": "0.4236 \u00b1 0.0286"
  },
  "test_precision": {
    "mean": 0.44571719169616697,
    "std": 0.03393394663150442,
    "mean_std": "0.4457 \u00b1 0.0339"
  },
  "test_recall": {
    "mean": 0.43901869654655457,
    "std": 0.031314029575309314,
    "mean_std": "0.4390 \u00b1 0.0313"
  },
  "test_accuracy": {
    "mean": 0.5518447160720825,
    "std": 0.029211490002560063,
    "mean_std": "0.5518 \u00b1 0.0292"
  },
  "test_balanced_acc": {
    "mean": 0.43901869654655457,
    "std": 0.031314029575309314,
    "mean_std": "0.4390 \u00b1 0.0313"
  },
  "test_kappa": {
    "mean": 0.5815468549728393,
    "std": 0.06240810052716753,
    "mean_std": "0.5815 \u00b1 0.0624"
  },
  "test_loss": {
    "mean": 121.6641616821289,
    "std": 17.380273719808002,
    "mean_std": "121.6642 \u00b1 17.3803"
  }
}