{
  "best_ckpt": "result/Resnet34_hybrid_20260204-093225/fold_5/checkpoints/best-27-0.6995.ckpt",
  "monitor": "val_kappa",
  "patience": 30,
  "log_dir": "result/Resnet34_hybrid_20260204-093225/fold_5/",
  "in_channels": 1,
  "nb_classes": 4,
  "nb_filters": 32,
  "depth": 6,
  "kernel_size": 41,
  "bottleneck_size": 32,
  "use_residual": true,
  "use_bottleneck": true,
  "lr": 0.0001,
  "average": "macro",
  "standardize": true,
  "use_weighted_sampler": false,
  "seed": 42,
  "precision": "32",
  "fold": 5,
  "all_metrics_test": {
    "fold": 5,
    "test_f1": 0.4279412627220154,
    "test_loss": 121.08296966552734,
    "test_precision": 0.4395827054977417,
    "test_recall": 0.4349440038204193,
    "test_accuracy": 0.6279761791229248,
    "test_balanced_acc": 0.4349440038204193,
    "test_kappa": 0.5428075194358826,
    "log_dir": "result/Resnet34_hybrid_20260204-093225/fold_5/",
    "best_ckpt": "result/Resnet34_hybrid_20260204-093225/fold_5/checkpoints/best-27-0.6995.ckpt"
  }
}