{
  "best_ckpt": "result/Resnet34_hybrid_20260203-024903/fold_5/checkpoints/best-10-0.4522.ckpt",
  "monitor": "val_f1",
  "patience": 30,
  "log_dir": "result/Resnet34_hybrid_20260203-024903/fold_5/",
  "in_channels": 1,
  "nb_classes": 4,
  "nb_filters": 32,
  "depth": 6,
  "kernel_size": 41,
  "bottleneck_size": 32,
  "use_residual": true,
  "use_bottleneck": true,
  "lr": 0.0001,
  "average": "macro",
  "standardize": true,
  "use_weighted_sampler": false,
  "seed": 42,
  "precision": "32",
  "fold": 5,
  "all_metrics_test": {
    "fold": 5,
    "test_f1": 0.4018500745296478,
    "test_loss": 141.73959350585938,
    "test_precision": 0.39573371410369873,
    "test_recall": 0.4224308133125305,
    "test_accuracy": 0.5580357313156128,
    "test_balanced_acc": 0.4224308133125305,
    "test_kappa": 0.5142398476600647,
    "log_dir": "result/Resnet34_hybrid_20260203-024903/fold_5/",
    "best_ckpt": "result/Resnet34_hybrid_20260203-024903/fold_5/checkpoints/best-10-0.4522.ckpt"
  }
}