{
  "best_ckpt": "result/Resnet34_hybrid_20260203-001734/fold_2/checkpoints/best-24-0.4123.ckpt",
  "monitor": "val_f1",
  "patience": 30,
  "log_dir": "result/Resnet34_hybrid_20260203-001734/fold_2/",
  "in_channels": 1,
  "nb_classes": 4,
  "nb_filters": 32,
  "depth": 6,
  "kernel_size": 41,
  "bottleneck_size": 32,
  "use_residual": true,
  "use_bottleneck": true,
  "lr": 0.0001,
  "average": "macro",
  "standardize": true,
  "use_weighted_sampler": false,
  "seed": 42,
  "precision": "32",
  "fold": 2,
  "all_metrics_test": {
    "fold": 2,
    "test_f1": 0.43435677886009216,
    "test_loss": 135.53668212890625,
    "test_precision": 0.4361131191253662,
    "test_recall": 0.4417540729045868,
    "test_accuracy": 0.5782414078712463,
    "test_balanced_acc": 0.4417540729045868,
    "test_kappa": 0.559617280960083,
    "log_dir": "result/Resnet34_hybrid_20260203-001734/fold_2/",
    "best_ckpt": "result/Resnet34_hybrid_20260203-001734/fold_2/checkpoints/best-24-0.4123.ckpt"
  }
}