{
  "test_f1": {
    "mean": 0.4281445682048798,
    "std": 0.021083032206414557,
    "mean_std": "0.4281 \u00b1 0.0211"
  },
  "test_precision": {
    "mean": 0.4437424004077911,
    "std": 0.022399610586233094,
    "mean_std": "0.4437 \u00b1 0.0224"
  },
  "test_recall": {
    "mean": 0.4367103099822998,
    "std": 0.022450461531155215,
    "mean_std": "0.4367 \u00b1 0.0225"
  },
  "test_accuracy": {
    "mean": 0.5846601009368897,
    "std": 0.047329991933914295,
    "mean_std": "0.5847 \u00b1 0.0473"
  },
  "test_balanced_acc": {
    "mean": 0.4367103099822998,
    "std": 0.022450461531155215,
    "mean_std": "0.4367 \u00b1 0.0225"
  },
  "test_kappa": {
    "mean": 0.5725221991539001,
    "std": 0.052729135721967,
    "mean_std": "0.5725 \u00b1 0.0527"
  },
  "test_loss": {
    "mean": 0.818052101135254,
    "std": 0.06294877221292856,
    "mean_std": "0.8181 \u00b1 0.0629"
  }
}