{
  "test_f1": {
    "mean": 0.4110897481441498,
    "std": 0.0,
    "mean_std": "0.4111 \u00b1 0.0000"
  },
  "test_precision": {
    "mean": 0.4085804224014282,
    "std": 0.0,
    "mean_std": "0.4086 \u00b1 0.0000"
  },
  "test_recall": {
    "mean": 0.4587286114692688,
    "std": 0.0,
    "mean_std": "0.4587 \u00b1 0.0000"
  },
  "test_accuracy": {
    "mean": 0.5797317624092102,
    "std": 0.0,
    "mean_std": "0.5797 \u00b1 0.0000"
  },
  "test_balanced_acc": {
    "mean": 0.4587286114692688,
    "std": 0.0,
    "mean_std": "0.4587 \u00b1 0.0000"
  },
  "test_kappa": {
    "mean": 0.5904017090797424,
    "std": 0.0,
    "mean_std": "0.5904 \u00b1 0.0000"
  },
  "test_loss": {
    "mean": 124.84281921386719,
    "std": 0.0,
    "mean_std": "124.8428 \u00b1 0.0000"
  }
}