{
  "test_f1": {
    "mean": 0.4233065485954285,
    "std": 0.027668292674336188,
    "mean_std": "0.4233 \u00b1 0.0277"
  },
  "test_precision": {
    "mean": 0.44297810792922976,
    "std": 0.038457258294011504,
    "mean_std": "0.4430 \u00b1 0.0385"
  },
  "test_recall": {
    "mean": 0.42726547718048097,
    "std": 0.026617652411749872,
    "mean_std": "0.4273 \u00b1 0.0266"
  },
  "test_accuracy": {
    "mean": 0.6034278273582458,
    "std": 0.03913919129531705,
    "mean_std": "0.6034 \u00b1 0.0391"
  },
  "test_balanced_acc": {
    "mean": 0.42726547718048097,
    "std": 0.026617652411749872,
    "mean_std": "0.4273 \u00b1 0.0266"
  },
  "test_kappa": {
    "mean": 0.6040505051612854,
    "std": 0.060301075397867845,
    "mean_std": "0.6041 \u00b1 0.0603"
  },
  "test_loss": {
    "mean": 121.6560546875,
    "std": 15.829410450121324,
    "mean_std": "121.6561 \u00b1 15.8294"
  }
}