{
  "best_ckpt": "result/Resnet34_FocalCos_20260204-024221/fold_1/checkpoints/best-04-0.4898.ckpt",
  "monitor": "val_f1",
  "patience": 30,
  "log_dir": "result/Resnet34_FocalCos_20260204-024221/fold_1/",
  "in_channels": 1,
  "nb_classes": 4,
  "nb_filters": 32,
  "depth": 6,
  "kernel_size": 41,
  "bottleneck_size": 32,
  "use_residual": true,
  "use_bottleneck": true,
  "lr": 0.0001,
  "average": "macro",
  "standardize": true,
  "use_weighted_sampler": false,
  "seed": 42,
  "precision": "32",
  "fold": 1,
  "all_metrics_test": {
    "fold": 1,
    "test_f1": 0.4113195538520813,
    "test_loss": 0.984846293926239,
    "test_precision": 0.3996169865131378,
    "test_recall": 0.43833065032958984,
    "test_accuracy": 0.5773809552192688,
    "test_balanced_acc": 0.43833065032958984,
    "test_kappa": 0.5530219078063965,
    "log_dir": "result/Resnet34_FocalCos_20260204-024221/fold_1/",
    "best_ckpt": "result/Resnet34_FocalCos_20260204-024221/fold_1/checkpoints/best-04-0.4898.ckpt"
  }
}