{
  "best_ckpt": "result/Resnet34_FocalCos_20260204-121238/fold_5/checkpoints/best-08-0.6530.ckpt",
  "monitor": "val_kappa",
  "patience": 30,
  "log_dir": "result/Resnet34_FocalCos_20260204-121238/fold_5/",
  "in_channels": 1,
  "nb_classes": 4,
  "nb_filters": 32,
  "depth": 6,
  "kernel_size": 41,
  "bottleneck_size": 32,
  "use_residual": true,
  "use_bottleneck": true,
  "lr": 0.0001,
  "average": "macro",
  "standardize": true,
  "use_weighted_sampler": false,
  "seed": 42,
  "precision": "32",
  "fold": 5,
  "all_metrics_test": {
    "fold": 5,
    "test_f1": 0.431265652179718,
    "test_loss": 0.6033825874328613,
    "test_precision": 0.4560070335865021,
    "test_recall": 0.4316413402557373,
    "test_accuracy": 0.6607142686843872,
    "test_balanced_acc": 0.4316413402557373,
    "test_kappa": 0.5824946165084839,
    "log_dir": "result/Resnet34_FocalCos_20260204-121238/fold_5/",
    "best_ckpt": "result/Resnet34_FocalCos_20260204-121238/fold_5/checkpoints/best-08-0.6530.ckpt"
  }
}