{
  "best_ckpt": "result/Resnet34_FocalCos_20260204-101943/fold_5/checkpoints/best-07-0.6708.ckpt",
  "monitor": "val_kappa",
  "patience": 30,
  "log_dir": "result/Resnet34_FocalCos_20260204-101943/fold_5/",
  "in_channels": 1,
  "nb_classes": 4,
  "nb_filters": 32,
  "depth": 6,
  "kernel_size": 41,
  "bottleneck_size": 32,
  "use_residual": true,
  "use_bottleneck": true,
  "lr": 0.0001,
  "average": "macro",
  "standardize": true,
  "use_weighted_sampler": false,
  "seed": 42,
  "precision": "32",
  "fold": 5,
  "all_metrics_test": {
    "fold": 5,
    "test_f1": 0.4280397593975067,
    "test_loss": 0.6317239999771118,
    "test_precision": 0.45329558849334717,
    "test_recall": 0.42757895588874817,
    "test_accuracy": 0.6785714030265808,
    "test_balanced_acc": 0.42757895588874817,
    "test_kappa": 0.5478957295417786,
    "log_dir": "result/Resnet34_FocalCos_20260204-101943/fold_5/",
    "best_ckpt": "result/Resnet34_FocalCos_20260204-101943/fold_5/checkpoints/best-07-0.6708.ckpt"
  }
}