{
  "best_ckpt": "result/Resnet34_hybrid_20260203-010449/fold_1/checkpoints/best-07-0.4924.ckpt",
  "monitor": "val_f1",
  "patience": 30,
  "log_dir": "result/Resnet34_hybrid_20260203-010449/fold_1/",
  "in_channels": 1,
  "nb_classes": 4,
  "nb_filters": 32,
  "depth": 6,
  "kernel_size": 41,
  "bottleneck_size": 32,
  "use_residual": true,
  "use_bottleneck": true,
  "lr": 0.0001,
  "average": "macro",
  "standardize": true,
  "use_weighted_sampler": false,
  "seed": 42,
  "precision": "32",
  "fold": 1,
  "all_metrics_test": {
    "fold": 1,
    "test_f1": 0.4541134834289551,
    "test_loss": 122.77745056152344,
    "test_precision": 0.4818894565105438,
    "test_recall": 0.4539636969566345,
    "test_accuracy": 0.5565476417541504,
    "test_balanced_acc": 0.4539636969566345,
    "test_kappa": 0.593658983707428,
    "log_dir": "result/Resnet34_hybrid_20260203-010449/fold_1/",
    "best_ckpt": "result/Resnet34_hybrid_20260203-010449/fold_1/checkpoints/best-07-0.4924.ckpt"
  }
}