{
  "best_ckpt": "result/Resnet34_FocalCos_20260204-081853/fold_2/checkpoints/best-04-0.5116.ckpt",
  "monitor": "val_kappa",
  "patience": 30,
  "log_dir": "result/Resnet34_FocalCos_20260204-081853/fold_2/",
  "in_channels": 1,
  "nb_classes": 4,
  "nb_filters": 32,
  "depth": 6,
  "kernel_size": 41,
  "bottleneck_size": 32,
  "use_residual": true,
  "use_bottleneck": true,
  "lr": 0.0001,
  "average": "macro",
  "standardize": true,
  "use_weighted_sampler": false,
  "seed": 42,
  "precision": "32",
  "fold": 2,
  "all_metrics_test": {
    "fold": 2,
    "test_f1": 0.4407399594783783,
    "test_loss": 0.8300153613090515,
    "test_precision": 0.4678485691547394,
    "test_recall": 0.4409850239753723,
    "test_accuracy": 0.6229507923126221,
    "test_balanced_acc": 0.4409850239753723,
    "test_kappa": 0.5884220004081726,
    "log_dir": "result/Resnet34_FocalCos_20260204-081853/fold_2/",
    "best_ckpt": "result/Resnet34_FocalCos_20260204-081853/fold_2/checkpoints/best-04-0.5116.ckpt"
  }
}