{
  "best_ckpt": "result/Resnet34_hybrid_20260204-093225/fold_2/checkpoints/best-45-0.6278.ckpt",
  "monitor": "val_kappa",
  "patience": 30,
  "log_dir": "result/Resnet34_hybrid_20260204-093225/fold_2/",
  "in_channels": 1,
  "nb_classes": 4,
  "nb_filters": 32,
  "depth": 6,
  "kernel_size": 41,
  "bottleneck_size": 32,
  "use_residual": true,
  "use_bottleneck": true,
  "lr": 0.0001,
  "average": "macro",
  "standardize": true,
  "use_weighted_sampler": false,
  "seed": 42,
  "precision": "32",
  "fold": 2,
  "all_metrics_test": {
    "fold": 2,
    "test_f1": 0.45840513706207275,
    "test_loss": 119.25520324707031,
    "test_precision": 0.4792306423187256,
    "test_recall": 0.4615453779697418,
    "test_accuracy": 0.6110283136367798,
    "test_balanced_acc": 0.4615453779697418,
    "test_kappa": 0.6220316290855408,
    "log_dir": "result/Resnet34_hybrid_20260204-093225/fold_2/",
    "best_ckpt": "result/Resnet34_hybrid_20260204-093225/fold_2/checkpoints/best-45-0.6278.ckpt"
  }
}