{
  "best_ckpt": "result/Resnet34_hybrid_20260204-080421/fold_5/checkpoints/best-19-0.6727.ckpt",
  "monitor": "val_kappa",
  "patience": 30,
  "log_dir": "result/Resnet34_hybrid_20260204-080421/fold_5/",
  "in_channels": 1,
  "nb_classes": 4,
  "nb_filters": 32,
  "depth": 6,
  "kernel_size": 41,
  "bottleneck_size": 32,
  "use_residual": true,
  "use_bottleneck": true,
  "lr": 0.0001,
  "average": "macro",
  "standardize": true,
  "use_weighted_sampler": false,
  "seed": 42,
  "precision": "32",
  "fold": 5,
  "all_metrics_test": {
    "fold": 5,
    "test_f1": 0.4533647298812866,
    "test_loss": 120.22157287597656,
    "test_precision": 0.48533618450164795,
    "test_recall": 0.4423922002315521,
    "test_accuracy": 0.636904776096344,
    "test_balanced_acc": 0.4423922002315521,
    "test_kappa": 0.576042890548706,
    "log_dir": "result/Resnet34_hybrid_20260204-080421/fold_5/",
    "best_ckpt": "result/Resnet34_hybrid_20260204-080421/fold_5/checkpoints/best-19-0.6727.ckpt"
  }
}