{
  "best_ckpt": "result/Resnet34_FocalCos_20260204-040007/fold_3/checkpoints/best-05-0.5000.ckpt",
  "monitor": "val_f1",
  "patience": 30,
  "log_dir": "result/Resnet34_FocalCos_20260204-040007/fold_3/",
  "in_channels": 1,
  "nb_classes": 4,
  "nb_filters": 32,
  "depth": 6,
  "kernel_size": 41,
  "bottleneck_size": 32,
  "use_residual": true,
  "use_bottleneck": true,
  "lr": 0.0001,
  "average": "macro",
  "standardize": true,
  "use_weighted_sampler": false,
  "seed": 42,
  "precision": "32",
  "fold": 3,
  "all_metrics_test": {
    "fold": 3,
    "test_f1": 0.45989030599594116,
    "test_loss": 0.7995430827140808,
    "test_precision": 0.4743713438510895,
    "test_recall": 0.453006774187088,
    "test_accuracy": 0.6348733305931091,
    "test_balanced_acc": 0.453006774187088,
    "test_kappa": 0.6548231244087219,
    "log_dir": "result/Resnet34_FocalCos_20260204-040007/fold_3/",
    "best_ckpt": "result/Resnet34_FocalCos_20260204-040007/fold_3/checkpoints/best-05-0.5000.ckpt"
  }
}