{
  "best_ckpt": "result/Resnet34_FocalCos_20260204-121238/fold_2/checkpoints/best-32-0.5450.ckpt",
  "monitor": "val_kappa",
  "patience": 30,
  "log_dir": "result/Resnet34_FocalCos_20260204-121238/fold_2/",
  "in_channels": 1,
  "nb_classes": 4,
  "nb_filters": 32,
  "depth": 6,
  "kernel_size": 41,
  "bottleneck_size": 32,
  "use_residual": true,
  "use_bottleneck": true,
  "lr": 0.0001,
  "average": "macro",
  "standardize": true,
  "use_weighted_sampler": false,
  "seed": 42,
  "precision": "32",
  "fold": 2,
  "all_metrics_test": {
    "fold": 2,
    "test_f1": 0.48471924662590027,
    "test_loss": 0.33231955766677856,
    "test_precision": 0.5037060379981995,
    "test_recall": 0.4940427243709564,
    "test_accuracy": 0.5767511129379272,
    "test_balanced_acc": 0.4940427243709564,
    "test_kappa": 0.5826665759086609,
    "log_dir": "result/Resnet34_FocalCos_20260204-121238/fold_2/",
    "best_ckpt": "result/Resnet34_FocalCos_20260204-121238/fold_2/checkpoints/best-32-0.5450.ckpt"
  }
}