{
  "test_f1": {
    "mean": 0.4044453203678131,
    "std": 0.0,
    "mean_std": "0.4044 \u00b1 0.0000"
  },
  "test_precision": {
    "mean": 0.40559959411621094,
    "std": 0.0,
    "mean_std": "0.4056 \u00b1 0.0000"
  },
  "test_recall": {
    "mean": 0.4053410291671753,
    "std": 0.0,
    "mean_std": "0.4053 \u00b1 0.0000"
  },
  "test_accuracy": {
    "mean": 0.5767511129379272,
    "std": 0.0,
    "mean_std": "0.5768 \u00b1 0.0000"
  },
  "test_balanced_acc": {
    "mean": 0.4053410291671753,
    "std": 0.0,
    "mean_std": "0.4053 \u00b1 0.0000"
  },
  "test_kappa": {
    "mean": 0.5236436724662781,
    "std": 0.0,
    "mean_std": "0.5236 \u00b1 0.0000"
  },
  "test_loss": {
    "mean": 147.6244354248047,
    "std": 0.0,
    "mean_std": "147.6244 \u00b1 0.0000"
  }
}