{
  "best_ckpt": "result/Resnet34_FocalCos_20260204-040007/fold_4/checkpoints/best-07-0.4628.ckpt",
  "monitor": "val_f1",
  "patience": 30,
  "log_dir": "result/Resnet34_FocalCos_20260204-040007/fold_4/",
  "in_channels": 1,
  "nb_classes": 4,
  "nb_filters": 32,
  "depth": 6,
  "kernel_size": 41,
  "bottleneck_size": 32,
  "use_residual": true,
  "use_bottleneck": true,
  "lr": 0.0001,
  "average": "macro",
  "standardize": true,
  "use_weighted_sampler": false,
  "seed": 42,
  "precision": "32",
  "fold": 4,
  "all_metrics_test": {
    "fold": 4,
    "test_f1": 0.4351688027381897,
    "test_loss": 0.8185485005378723,
    "test_precision": 0.43517184257507324,
    "test_recall": 0.44475218653678894,
    "test_accuracy": 0.6373134255409241,
    "test_balanced_acc": 0.44475218653678894,
    "test_kappa": 0.5432670712471008,
    "log_dir": "result/Resnet34_FocalCos_20260204-040007/fold_4/",
    "best_ckpt": "result/Resnet34_FocalCos_20260204-040007/fold_4/checkpoints/best-07-0.4628.ckpt"
  }
}