{
  "test_f1": {
    "mean": 0.4376764476299286,
    "std": 0.049528192788278205,
    "mean_std": "0.4377 \u00b1 0.0495"
  },
  "test_precision": {
    "mean": 0.46426221132278445,
    "std": 0.0472125905375761,
    "mean_std": "0.4643 \u00b1 0.0472"
  },
  "test_recall": {
    "mean": 0.4468377113342285,
    "std": 0.06559756561014674,
    "mean_std": "0.4468 \u00b1 0.0656"
  },
  "test_accuracy": {
    "mean": 0.5867372274398803,
    "std": 0.03521688363724879,
    "mean_std": "0.5867 \u00b1 0.0352"
  },
  "test_balanced_acc": {
    "mean": 0.4468377113342285,
    "std": 0.06559756561014674,
    "mean_std": "0.4468 \u00b1 0.0656"
  },
  "test_kappa": {
    "mean": 0.5890502452850341,
    "std": 0.06641004595817972,
    "mean_std": "0.5891 \u00b1 0.0664"
  },
  "test_loss": {
    "mean": 0.12492109090089798,
    "std": 0.026502719047965643,
    "mean_std": "0.1249 \u00b1 0.0265"
  }
}