{
  "best_ckpt": "result/Resnet34_hybrid_20260203-001734/fold_4/checkpoints/best-16-0.4814.ckpt",
  "monitor": "val_f1",
  "patience": 30,
  "log_dir": "result/Resnet34_hybrid_20260203-001734/fold_4/",
  "in_channels": 1,
  "nb_classes": 4,
  "nb_filters": 32,
  "depth": 6,
  "kernel_size": 41,
  "bottleneck_size": 32,
  "use_residual": true,
  "use_bottleneck": true,
  "lr": 0.0001,
  "average": "macro",
  "standardize": true,
  "use_weighted_sampler": false,
  "seed": 42,
  "precision": "32",
  "fold": 4,
  "all_metrics_test": {
    "fold": 4,
    "test_f1": 0.471696138381958,
    "test_loss": 135.4221954345703,
    "test_precision": 0.4668969511985779,
    "test_recall": 0.4895060360431671,
    "test_accuracy": 0.6074627041816711,
    "test_balanced_acc": 0.4895060360431671,
    "test_kappa": 0.5664354562759399,
    "log_dir": "result/Resnet34_hybrid_20260203-001734/fold_4/",
    "best_ckpt": "result/Resnet34_hybrid_20260203-001734/fold_4/checkpoints/best-16-0.4814.ckpt"
  }
}