{
  "best_ckpt": "result/Coral_sex/Resnet34_coral_20260207-131900/fold_5/checkpoints/best-20-0.6230.ckpt",
  "monitor": "val_kappa",
  "patience": 30,
  "log_dir": "result/Coral_sex/Resnet34_coral_20260207-131900/fold_5/",
  "in_channels": 1,
  "nb_classes": 4,
  "nb_filters": 32,
  "depth": 6,
  "kernel_size": 41,
  "bottleneck_size": 32,
  "use_residual": true,
  "use_bottleneck": true,
  "lr": 0.0001,
  "average": "macro",
  "standardize": true,
  "use_weighted_sampler": false,
  "seed": 42,
  "precision": "32",
  "fold": 5,
  "optimal_threshold": 0.5000000000000001,
  "all_metrics_test": {
    "fold": 5,
    "test_f1": 0.3510102331638336,
    "test_loss": 0.10784300416707993,
    "test_precision": 0.47071677446365356,
    "test_recall": 0.3501324951648712,
    "test_accuracy": 0.5922619104385376,
    "test_balanced_acc": 0.3501324951648712,
    "test_kappa": 0.5056706666946411,
    "log_dir": "result/Coral_sex/Resnet34_coral_20260207-131900/fold_5/",
    "best_ckpt": "result/Coral_sex/Resnet34_coral_20260207-131900/fold_5/checkpoints/best-20-0.6230.ckpt"
  }
}