{
  "best_ckpt": "result/hybrid_sex/Resnet34_hybrid_20260206-182946/fold_4/checkpoints/best-23-0.5994.ckpt",
  "monitor": "val_kappa",
  "patience": 30,
  "log_dir": "result/hybrid_sex/Resnet34_hybrid_20260206-182946/fold_4/",
  "in_channels": 1,
  "nb_classes": 4,
  "nb_filters": 32,
  "depth": 6,
  "kernel_size": 41,
  "bottleneck_size": 32,
  "use_residual": true,
  "use_bottleneck": true,
  "lr": 0.0001,
  "average": "macro",
  "standardize": true,
  "use_weighted_sampler": false,
  "seed": 42,
  "precision": "32",
  "fold": 4,
  "all_metrics_test": {
    "fold": 4,
    "test_f1": 0.37270498275756836,
    "test_loss": 156.54991149902344,
    "test_precision": 0.37758496403694153,
    "test_recall": 0.4036339819431305,
    "test_accuracy": 0.5179104208946228,
    "test_balanced_acc": 0.4036339819431305,
    "test_kappa": 0.5008955597877502,
    "log_dir": "result/hybrid_sex/Resnet34_hybrid_20260206-182946/fold_4/",
    "best_ckpt": "result/hybrid_sex/Resnet34_hybrid_20260206-182946/fold_4/checkpoints/best-23-0.5994.ckpt"
  }
}