{
  "best_ckpt": "result/Resnet34_coral\\Resnet34_coral_20260210-160027\\fold_4\\checkpoints\\best-17-0.6149.ckpt",
  "monitor": "val_kappa",
  "patience": 30,
  "log_dir": "result/Resnet34_coral\\Resnet34_coral_20260210-160027\\fold_4\\",
  "in_channels": 1,
  "nb_classes": 4,
  "nb_filters": 32,
  "depth": 6,
  "kernel_size": 41,
  "bottleneck_size": 32,
  "use_residual": true,
  "use_bottleneck": true,
  "lr": 0.0001,
  "average": "macro",
  "standardize": true,
  "use_weighted_sampler": false,
  "seed": 42,
  "precision": "32",
  "fold": 4,
  "optimal_threshold": 0.5000000000000001,
  "all_metrics_test": {
    "fold": 4,
    "test_f1": 0.45177432894706726,
    "test_loss": 0.11037733405828476,
    "test_precision": 0.46726179122924805,
    "test_recall": 0.4417204260826111,
    "test_accuracy": 0.6238937973976135,
    "test_balanced_acc": 0.4417204260826111,
    "test_kappa": 0.6000560522079468,
    "log_dir": "result/Resnet34_coral\\Resnet34_coral_20260210-160027\\fold_4\\",
    "best_ckpt": "result/Resnet34_coral\\Resnet34_coral_20260210-160027\\fold_4\\checkpoints\\best-17-0.6149.ckpt"
  }
}