{
  "test_f1": {
    "mean": 0.41886273622512815,
    "std": 0.031666430486735515,
    "mean_std": "0.4189 \u00b1 0.0317"
  },
  "test_precision": {
    "mean": 0.4356531798839569,
    "std": 0.0404930489276274,
    "mean_std": "0.4357 \u00b1 0.0405"
  },
  "test_recall": {
    "mean": 0.43045601844787595,
    "std": 0.03311286272962494,
    "mean_std": "0.4305 \u00b1 0.0331"
  },
  "test_accuracy": {
    "mean": 0.5574795246124268,
    "std": 0.04401988082301997,
    "mean_std": "0.5575 \u00b1 0.0440"
  },
  "test_balanced_acc": {
    "mean": 0.43045601844787595,
    "std": 0.03311286272962494,
    "mean_std": "0.4305 \u00b1 0.0331"
  },
  "test_kappa": {
    "mean": 0.5640535354614258,
    "std": 0.05498505650423824,
    "mean_std": "0.5641 \u00b1 0.0550"
  },
  "test_loss": {
    "mean": 127.70602111816406,
    "std": 11.693302470157587,
    "mean_std": "127.7060 \u00b1 11.6933"
  }
}