{
  "test_f1": {
    "mean": 0.3784103989601135,
    "std": 0.0,
    "mean_std": "0.3784 \u00b1 0.0000"
  },
  "test_precision": {
    "mean": 0.38870808482170105,
    "std": 0.0,
    "mean_std": "0.3887 \u00b1 0.0000"
  },
  "test_recall": {
    "mean": 0.39385977387428284,
    "std": 0.0,
    "mean_std": "0.3939 \u00b1 0.0000"
  },
  "test_accuracy": {
    "mean": 0.519345223903656,
    "std": 0.0,
    "mean_std": "0.5193 \u00b1 0.0000"
  },
  "test_balanced_acc": {
    "mean": 0.39385977387428284,
    "std": 0.0,
    "mean_std": "0.3939 \u00b1 0.0000"
  },
  "test_kappa": {
    "mean": 0.5034841299057007,
    "std": 0.0,
    "mean_std": "0.5035 \u00b1 0.0000"
  },
  "test_loss": {
    "mean": 155.1234588623047,
    "std": 0.0,
    "mean_std": "155.1235 \u00b1 0.0000"
  }
}