{
  "test_f1": {
    "mean": 0.4145596921443939,
    "std": 0.0,
    "mean_std": "0.4146 \u00b1 0.0000"
  },
  "test_precision": {
    "mean": 0.4550870358943939,
    "std": 0.0,
    "mean_std": "0.4551 \u00b1 0.0000"
  },
  "test_recall": {
    "mean": 0.40483933687210083,
    "std": 0.0,
    "mean_std": "0.4048 \u00b1 0.0000"
  },
  "test_accuracy": {
    "mean": 0.6512667536735535,
    "std": 0.0,
    "mean_std": "0.6513 \u00b1 0.0000"
  },
  "test_balanced_acc": {
    "mean": 0.40483933687210083,
    "std": 0.0,
    "mean_std": "0.4048 \u00b1 0.0000"
  },
  "test_kappa": {
    "mean": 0.4854576587677002,
    "std": 0.0,
    "mean_std": "0.4855 \u00b1 0.0000"
  },
  "test_loss": {
    "mean": 123.17594146728516,
    "std": 0.0,
    "mean_std": "123.1759 \u00b1 0.0000"
  }
}