{
  "test_f1": {
    "mean": 0.40889179706573486,
    "std": 0.0,
    "mean_std": "0.4089 \u00b1 0.0000"
  },
  "test_precision": {
    "mean": 0.44628480076789856,
    "std": 0.0,
    "mean_std": "0.4463 \u00b1 0.0000"
  },
  "test_recall": {
    "mean": 0.4239490330219269,
    "std": 0.0,
    "mean_std": "0.4239 \u00b1 0.0000"
  },
  "test_accuracy": {
    "mean": 0.6363636255264282,
    "std": 0.0,
    "mean_std": "0.6364 \u00b1 0.0000"
  },
  "test_balanced_acc": {
    "mean": 0.4239490330219269,
    "std": 0.0,
    "mean_std": "0.4239 \u00b1 0.0000"
  },
  "test_kappa": {
    "mean": 0.5104922652244568,
    "std": 0.0,
    "mean_std": "0.5105 \u00b1 0.0000"
  },
  "test_loss": {
    "mean": 138.24276733398438,
    "std": 0.0,
    "mean_std": "138.2428 \u00b1 0.0000"
  }
}