{
  "best_ckpt": "result/Resnet34_coral\\Resnet34_coral_20260210-160027\\fold_3\\checkpoints\\best-10-0.6529.ckpt",
  "monitor": "val_kappa",
  "patience": 30,
  "log_dir": "result/Resnet34_coral\\Resnet34_coral_20260210-160027\\fold_3\\",
  "in_channels": 1,
  "nb_classes": 4,
  "nb_filters": 32,
  "depth": 6,
  "kernel_size": 41,
  "bottleneck_size": 32,
  "use_residual": true,
  "use_bottleneck": true,
  "lr": 0.0001,
  "average": "macro",
  "standardize": true,
  "use_weighted_sampler": false,
  "seed": 42,
  "precision": "32",
  "fold": 3,
  "optimal_threshold": 0.5000000000000001,
  "all_metrics_test": {
    "fold": 3,
    "test_f1": 0.43378743529319763,
    "test_loss": 0.13487717509269714,
    "test_precision": 0.4539068341255188,
    "test_recall": 0.4295242130756378,
    "test_accuracy": 0.6026588082313538,
    "test_balanced_acc": 0.4295242130756378,
    "test_kappa": 0.5619683265686035,
    "log_dir": "result/Resnet34_coral\\Resnet34_coral_20260210-160027\\fold_3\\",
    "best_ckpt": "result/Resnet34_coral\\Resnet34_coral_20260210-160027\\fold_3\\checkpoints\\best-10-0.6529.ckpt"
  }
}